-- MySQL dump 10.13  Distrib 5.7.12, for Linux (x86_64)
--
-- Host: localhost    Database: innoassessment
-- ------------------------------------------------------
-- Server version	5.5.5-10.1.13-MariaDB

/*!40101 SET @OLD_CHARACTER_SET_CLIENT=@@CHARACTER_SET_CLIENT */;
/*!40101 SET @OLD_CHARACTER_SET_RESULTS=@@CHARACTER_SET_RESULTS */;
/*!40101 SET @OLD_COLLATION_CONNECTION=@@COLLATION_CONNECTION */;
/*!40101 SET NAMES utf8 */;
/*!40103 SET @OLD_TIME_ZONE=@@TIME_ZONE */;
/*!40103 SET TIME_ZONE='+00:00' */;
/*!40014 SET @OLD_UNIQUE_CHECKS=@@UNIQUE_CHECKS, UNIQUE_CHECKS=0 */;
/*!40014 SET @OLD_FOREIGN_KEY_CHECKS=@@FOREIGN_KEY_CHECKS, FOREIGN_KEY_CHECKS=0 */;
/*!40101 SET @OLD_SQL_MODE=@@SQL_MODE, SQL_MODE='NO_AUTO_VALUE_ON_ZERO' */;
/*!40111 SET @OLD_SQL_NOTES=@@SQL_NOTES, SQL_NOTES=0 */;

CREATE SCHEMA IF NOT EXISTS `innoassessment`;
USE `innoassessment`;

--
-- Dumping data for table `Dimension`
--

LOCK TABLES `Dimension` WRITE;
/*!40000 ALTER TABLE Dimension DISABLE KEYS */;
INSERT INTO Dimension(id, name) VALUES (1,'Organization'),(2,'Market'),(3,'Environment'),(4,'Technology');
/*!40000 ALTER TABLE Dimension ENABLE KEYS */;
UNLOCK TABLES;

--
-- Dumping data for table `Factor`
--

LOCK TABLES `Factor` WRITE;
/*!40000 ALTER TABLE `Factor` DISABLE KEYS */;
INSERT INTO Factor(id, name, definition) VALUES (1,'Commitment of project workers','It is the perception among the project team than the project is going to be completed successfully. Some factors contributing to commitment include loyalty to project leader, ego satisfaction, and a sense of liking for the project and the resulting new product.'),(2,'Communication','The need for adequate communication channels is extremely important in creating an atmosphere for successful project implementation. Communication is not only essential within the project team itself, but between the team and the rest of the organization as well as with the clients.'),(3,'Correct distribution channel','The path through which product and services travel from the vendor to the consumer or payments for those products travel from the consumer to the vendor. A distribution channel can be as short as a direct transaction from the vendor to the consumer, or may include several interconnected intermediaries along the way such as wholesalers, distributors, agents and retailers. Each intermediary receives the item at one pricing point and moves it to the next higher pricing point until it reaches the final buyer.'),(4,'Create, Make market interface','It determines the dependency relationship between the market and the product and how the product will/is accessing to the market.'),(5,'Demand for quick result','An important part of evaluating the chances of carrying a project through to a successful conclusion is evaluating the patience of the supporting organization. Projects which start paying off soon are, everything else being equal, to be preferred over projects that have a distant payout. If there is not going to be enough patience, it may be best not to start. One of the worst mistakes that can be made in starting a project is to adopt, under pressure, an impossible time schedule and then miss the time check points built into the schedule.'),(6,'Effectiveness of project manager','In high-tech firms the design features of the product can change a number of tunes due to the changing nature of the technology, and to unexpected events in the wider environment. If the project manager cannot effectively handle these changes and incorporate them into the design, the project may become obsolete even before its completion. The effectiveness with which the project manager handles changes in the technology and adapts to the environment is a key factor in the successful completion of the project.'),(7,'Effects on other business','When successful completion of a new project would put the sponsoring organization in competition with one of its good customers for another product. A perception that introducing a new project might  hurt existing profitable businesses will almost certainly defeat proposals that the new project be implemented. One should try to  identify such conflicts early.'),(8,'Emphasize Marketing','It determines if product type/innovation strategy is related to R&D/marketing programs and the market environment, and that R&D/marketing decisions, market characteristics, and product type/innovation strategy all influence new product sales performance.'),(9,'Error free production','To measure how sensible is the product to errors while producing it.'),(10,'High Level Management support','Top management\'s support of the project may involve aspects such as allocation of sufficient resources (including financial, manpower, time, etc.) as well as project management\'s confidence in their support in the event of crisis. It represents how confident is the Top management in the success of the project.'),(11,'Inexpensive development','It measures the investment needed to develop the product.'),(12,'Internal competition','Competition from another project for similar resources, in many cases, can act as a catalyst for successful project completion. The demand for the resources can force the project leader and his team to put in extra effort to complete the project successfully. Even if the groups are not working on the same project, the simple presence of multiple demands for resources may enhance the motivation of the project team.'),(13,'Management and other skills','It measures if the company has people involved to cover all the skills that are needed in the product development.'),(14,'Meeting cost schedules',' It measures how frequently schedules are revised. As much revisions the cost is increased.'),(15,'Markets and Technique are strength','It measures the company strength in market and techniques. As much strength is the company as better results will be obtained and it will be easy to access to the market.'),(16,'Monitoring and feedback','Monitoring and feedback refer to the project control process by which, at each stage of the project implementation, key personnel receive feedback on how the project is comparing to initial projections. Making allowances for adequate monitoring and feedback mechanisms gives the project manager the ability to anticipate problems, to oversee corrective measures, and to ensure that no deficiencies are overlooked. For our model, Monitoring and Feedback refers not only to project schedule and budget, but also to monitoring performance of members of the project team.'),(17,'Newness to firm',' It measures if the product is new to the company or not. A product that is new to the firm is not a plus.'),(18,'Organization plans','It measures if the organization has definite ideas about the types of business it wants to be in and the directions in which it wants to grow. These ideas are defined in long range plans, policies, statements of objectives and so forth. A  project will be much more warmly received if it fits these stated perceptions of the type of projects desired.'),(19,'Potential interest of technical staff','In the evaluation of technical feasibility, the adequacy of technical staff resources to carry out a project are considered. The Environment question is whether the project is likely to attract the interest and enthusiasm of the technical staff. If the technical staff does  become interested in a project, the members will work nights as well as days, improve their skills related to doing the project and take an active rather than a  passive role in solving problems. The chances of a project succeeding are greatly enhanced by real technical staff interest.'),(20,'Project mission','It measures if the product has clear and understandable goals as well as ultimate benefits at the outset, not only by the project team involved, but by the other departments in the organization. The goals of the project are in line with the general goals of the organization.'),(21,'Project schedule','Project schedule refers to the importance of developing a detailed plan of the required stages of the implementation process. As developed in our model, Project Schedule/Plan refers to the degree to which time schedules, milestones, manpower, and equipment requirements are specified. Further, the schedule should include a satisfactory measurement system as a way of judging actual performance against budget and time allowances.'),(22,'Project Manager as a project champion','It focuses on the project champion by suggesting that the most auspicious champion is the project manager himself and that his importance becomes must critical toward the end of the development phase. It measures the ability of the top management to push the project to become champion.'),(23,'Qualified project manager','It measures if the company has a qualified project manager to lead the product to be successful.'),(24,'Quantitative project selection','A quantitative project selection system-based on estimates of project cost, duration, and probability of technical completion and market estimates of sales and product life-was instituted by firms.'),(25,'R&D process well planned','It measures if the R&D activities that are needed to develop the product has been properly scheduled. It is only applied when the project needs R&D activities.'),(26,'Source of project ideas','It analyses where ideas come from. Two-thirds of the R&D projects stemmed from the R&D department. But it does not mean a high probability of technical completion. The projects stemming from the R&D department may be less firmly  based on market  realities  than those submitted by the marketing (and other) departments, so they may be more  likely to be stopped short of technical  completion  because of lack of potential profitability. On the other hand, because the R&D department understands the technical aspects of R&D projects so well, it tends to be a better judge than other departments of what is technically feasible.'),(27,'Staff of professionals','It measures the level of qualification required to the staff.'),(28,'Strong sales force','It measures the availability of a strong sales force to put the product into the market.'),(29,'Technology tied to business strategy','Technology-push projects tend to be more ambitious and aimed at larger potential payoffs, the probability of economic success (given commercialization) may decrease as the percentage of R&D expenditures devoted to demand-pull projects increases. Technology-push projects are harder to sell to marketing, production, and other parts of the firm than those of demand-pull projects.'),(30,'Technological background of managers','It measures if managers have a technological background facilitating the development of the product.'),(31,'Timing','It measures if the product is developed when the interest in it is high. There will be times  when it is avoid for new projects and other times when it has little interest in them. A new project surely has a better Environment for acceptance when its timing is right.'),(32,'Training and  Experience of own people','It measure if the project could be performed by the own people or if it depends on external people.'),(33,'Trouble shooting','It is impossible to foresee every trouble area or problem that could possibly arise. As a result, it is important that the project manager make adequate initial arrangements for Trouble-Shooting mechanisms to be included in the implementation plan. Such mechanisms would make it easier to not only react to problems as they arise, but to foresee and possibly forestall potential problems areas in the implementation process.'),(34,'Understanding market','Growing business without understanding your competitors is risky. Market research can prepare you for changing markets and prevent the product being left behind by the competition.'),(35,'Use outside communication','It measure the impact of using external communication and additional communication channels to develop the product.'),(36,'Technology route','A clear understanding of the technological route is a prerequisite for the success of a project. However in the high tech area the technological route tends to he disjointed as new developments come on the horizon fairly quickly. Nevertheless, the project should stay on the original technological track and not veer widely from that route . This is very important in high tech firms.'),(37,'Risk Distribution','The commercial success of the product does not depend on the narrow line of production and market.'),(38,'Competitive environment','The competitive environment, also known as the market structure, is the dynamic system in which business competes. The state of the system as a whole limits the flexibility of your business. It describes the ease  of market entry.'),(39,'Competitor analysis','It is a strategic technique used to evaluate outside competitors. The analysis seeks to identify weaknesses and strengths that a company\'s competitors may have, and then use that information to improve efforts within the company. Three factors are important in analyzing the competition. The first is the ability of a competitor to take defensive measures; a well-managed company with low costs and a strong cash flow might easily fend off competitors. The second is patent protection; an innovation is likely to have more success if it has strong patent protection against competitors. The third is the pace of change in the technology; if innovation occurs quickly in an area, a new development may be obsolete in only a few years.'),(40,'Early analysis of market and competitors','It measures if a market analysis has been performed in advance. The competitor analysis may give the toughest time, especially if the company is new to the marketplace.'),(41,'Early to market','It measures if the market is mature enough to accept the product.'),(42,'Few competitors','Few competitors mean fewer firms are competing for the same customers and resources. Relatively Few Competitors will have a long-term positive impact, which adds to its value. This statements will have a short-term positive impact, which adds to its value. This qualitative factor will lead to a decrease in costs.'),(43,'High Contribution margin','The contribution margin is the marginal profit per unit sale, and is the sum of a company\'s turnover minus their direct costs. This factor measures how flexible is the contribution margin.'),(44,'Life cycle of product','If the product is in the growth phase of its life cycle the rate of new product introduction will he high, which leads to a higher degree of success . If it is in the infancy stage the product may still not be fully developed resulting in many false starts. On the other hand, a mature product will require enormous resources in order to introduce new variations. Most high technology projects are in the infancy or the growth stage.'),(45,'Lower cost','It measures if the product is providing a lower cost than other competitors existing in the same category. Will the product offer to the customer in terms of unique features the lower cost?'),(46,'Market analysis',' An evaluation of the market for a company\'s goods and services. Research that offers assistance in forecasting price trends for stocks and bonds. Market analysis may concentrate on fundamental factors including earnings, inflation, and costs, or it may be directed at technical considerations such as trading volume and price charts.'),(47,'Market existence',' It measures if is there any existing market or if this product is creating a new market. An existing marketing and distribution system which can present and distribute the new product is a real asset to a project.'),(48,'Meet customer needs/wants','It measures if the product is developed because there is a identified of customer needs/wants.'),(49,'Number of end users','It measures the number of end users in relationship with the market size. In their enthusiasm, the originators may perceive their new idea to be applicable in a number of widely unconnected markets . Unfortunately, much fruitless effort will be spent in designing a general product which can be used in a variety of situations . This results in a loss of focus in product design.'),(50,'Perceived value','A customer\'s opinion of a product\'s value to him or her. It may have little or nothing to do with the product\'s market price, and depends on the product\'s ability to satisfy his or her needs or requirements. It is an important marketing concept. It lies at the heart of marketing and deals solely with the customer\'s perception of a product. Perceived value is a consolidated measure because it takes into account subjective perceptions with limits placed on it by price and other objective costs.'),(51,'Probability of commercial success','Even when the allocation of funding into different classifications increases the odds of funding a riskier R&D project, it is still necessary to allocate funds within each classification. A possible approach for deciding between projects is to use expected commercial value (ECV), which amalgamates the probabilities of success into a more standard net present value calculation.'),(52,'Rate of new product introduction','If new products or significant adaptations are introduced In the market fairly regularly, say once in six months or less, it demonstrates that there is a great deal of product Innovation taking place and that the market has not stabilized. Therefore, any new product with improvements over existing products has a good chance of being successful . For example if one is in the digital watch industry, any new gimmick on a new watch design, provided it meets other market considerations, has a good chance of success . Moreover, since so many different designs are being introduced, another new one is unlikely to be seriously hurt in the market.'),(53,'Response to growing markets','Emerging markets are those countries that have growing economies and a growing middle class. Some of these countries were once poor, and some still have high rates of poverty. Many are undergoing profound social and political change for the better. A sector of the economy experiencing a higher-than-average growth rate. Growth industries are often associated with new or pioneer industries that did not exist in the past and their growth is related to consumer demand for the new products or services offered by the firms within the industry.'),(54,'Sales/profit potential','It measures if the gross sale decreases that also affect the profits by decreasing them because the gross sales are the total amount of the sale before any discounts or allowances are made on the sale. If the gross sales increase then the amount of profit also increases because the more company sells the more the company has the potential to make more profit. It the project will not be profitable enough around 40% before-tax return it should be abandoned.'),(55,'Slow growth market',' An increase in the demand for a particular product or service over time. Market growth can be slow if consumers do not adopt a high demand or rapid if consumers find the product or service useful for the price level. For example, a new technology might only be marketable to a small set of consumers, but as the price of the technology decreases and its usefulness in every day life increases, more consumers could increase demand. A market that currently exhibits low trading volumes and/or low volatility levels. The term slow market can be used to describe a market with few issues coming up for sale to investors through initial public offerings and secondary offerings in the equity markets, or through new issuance in the corporate bond market.'),(56,'Strength of market','Market strength is a broad term that can mean a lot of things, depending on how we define it. Market strength can be a measure of a market\'s power to perform either on a relative basis (vs. other markets) or on an absolute basis (vs. its own historical levels of momentum and investor participation).'),(57,'Client acceptance','It refers to the final stage in the implementation process, at which time the ultimate efficacy of the project is to be determined. Too often project managers make the mistake of believing that if they handle the other stages of the implementation process well, the client (either internal or external to the organization) will accept the resulting project. In fact, client acceptance is a stage in project implementation that must be managed like any other.'),(58,'Available Resources or Raw material','Raw material is a material or substance used in the primary production or manufacturing of a good. The more certain the supply of necessary raw materials or components, the greater are the chances of business success.'),(59,'Government Regulations','It represents when the legislative and executive branches set and enact laws that determine how a specific task, business, or industry is supposed to run.'),(60,'Industry restructure opportunity','A new entrant can become the dominant competitor when it makes technological breakthroughs in a stagnant industry, particularly when the new entrant has strong patent protection and competitors are small and fragmented. Also a basic innovation in an existing market offers opportunities to capture downstream use or application markets.'),(61,'Political/Social factors','It represents political or social factors that could impact in product development like Antitrust, Ecology, Foreign eXChange, Geography or Sovereign rights.'),(62,'Public interest on product','Public interest is a principle by which the government can request that sensitive documents are not used as evidence in a trial, on the grounds that to do so would be against the public or national interest. It represents in which the whole society has a stake and which warrants recognition, promotion, and protection by the government and its agencies.'),(63,'Product liability','The legal liability a manufacturer or trader incurs for producing or selling a faulty product. It measures the responsibility of the company to ensure that products are safe and do not cause injury to users.'),(64,'Demand Pull vs Technology push','Technology-push projects tend to be more ambitious and aimed at larger potential payoffs. Demand-pull means that there is market behind the product. Technology-push projects are harder to sell to marketing, production, and other parts of the firm than those of demand-pull projects. It is quite likely that technology-push projects tend to be more risky than demand-pull  projects.'),(65,'Directions for scientific development','It measures is the product is opening new directions for scientific development. These directions will promote new patents or new objects.'),(66,'High performance/cost proportion','The cost-performance ratio is an equation used to balance the cost of an item against its effectiveness. This process can help buyers with making purchasing decisions by assigning rankings to a series of items based on a variety of factors. Cost-performance can also be used to analyze trends in production.'),(67,'Incremental product','Incremental product innovation concerns an existing product whose performance has been significantly enhanced or upgraded. This again can take two forms. A simple product may be improved (in terms of improved performance or lower cost) through use of higher performance components or materials, or a complex product which consists of a number of integrated technical subsystems may be improved by partial changes to one of the subsystems.'),(68,'Innovative product','It measures if the product was highly innovative-totally new to the market.'),(69,'Patents','Protected by a trademark or a brand name so as to establish proprietary rights analogous to those conveyed by letters patent or a patent.'),(70,'Problem definition','it measures if the product is properly defined. Customer needs for new products are difficult to articulate and sort out, because the customers themselves may not be sure, the knowledge itself is often tacit, and that knowledge may be embedded in a context of use and not retrievable except by hands-on interaction with that context. To put problem definition more positively, successful new products have more market knowledge than failed ones.'),(71,'Probability of technical success','If the project is proceeding along a fairly well defined technological route, and there are not many unsolved technological problems the probability of success will remain the same as before or may even increase. On the other hand, technological problems in some key area may make the project unfeasible. '),(72,'Utility','It represents if the developed product is perceived as useful by customers, that may result from a project is  the utility of the product to those who will buy and use it. It measures the level of utility of the product. Utility should be judged in relation to other products the customer may use to fulfill a need.');
/*!40000 ALTER TABLE `Factor` ENABLE KEYS */;
UNLOCK TABLES;

--
-- Dumping data for table `Model`
--

LOCK TABLES `Model` WRITE;
/*!40000 ALTER TABLE `Model` DISABLE KEYS */;
INSERT INTO Model(id, name, year, version, description) VALUES (1,'Balachandra','1997','1.0','Balachandra product innovation model unweighted'),(2,'Balachandra','1997','1.0','Balachandra product innovation model weighted');
/*!40000 ALTER TABLE `Model` ENABLE KEYS */;
UNLOCK TABLES;

--
-- Dumping data for table `Product`
--

LOCK TABLES `Product` WRITE;
/*!40000 ALTER TABLE `Product` DISABLE KEYS */;
INSERT INTO Product(id, name, version, provider, description) VALUES (2,'Test 1','V1.0','Alguien','Lalala'),(3,'Test 2','V 1.0','Nose','Lololo'),(4,'Test 3','V 1.0','Persona','Lalilali'),(5,'Test 4','V 1.0','Elvecino','Lololo'),(6,'Skype','Skype Inc','1.0','Skype is a software product that supports several types of communications over IP (VoIP), such as text communications, voice and video'),(7,'Skype VoIP',1,'Skype INC.','Skype is the most popular Internet voice communication service in the world.'),(8,'Skype',1,'Skype Inc',''),(9,'test','test1.0','tester',''),(10,'test2','test','test',''),(11,'P1','P1','P1',''),(12,'memoria1',1,'Irene',''),(13,'Test','1.0','Tester',''),(14,'','','',''),(15,'Otro test','1.0','Aquel',''),(16,'Spotify','0.9.8.296',' Daniel Ek & Martin Lorentzon','Spotify es una aplicación empleada para la reproducción de música vía streaming.'),(17,'Google Wave','','Google Inc.','Google Wave is a real-time communication and collaboration platform developed by Google. \r\nGoogle Wave incorporates several types of web technologies, including email, instant messaging (IM), wiki, online documents, and gadgets. \r\nGoogle Wave itself '),(18,'MONGOL','1.0','MONGOL','Software for print'),(19,'IOS ',8,'APPLE','Sistema Operativo móvil de Apple. iOS es el cerebro del iPhone, el iPad y el iPod touch.  Viene con apps que te ayudan con las cosas que haces todos los días.'),(20,'iOS','X-2007','Apple','Es la sexta versión del sistema operativo de Apple, Mac OS X, para computadoras de escritorio y servidores Macintosh'),(21,'OS X','2007','APPLE','Es un sistema operativo móvil de la empresa Apple Inc. Originalmente desarrollado para el iPhone (iPhone OS).'),(22,'Twitter',1,'Twitter','Herramienta social'),(23,'MySpace','','Myspace','Red Social'),(24,'Mozilla Firefox','','Mozilla','Browser'),(25,'Amazon','','Amazon.com',''),(26,'WebOS',1,'HP','WebOS  conocido como LG webOS, open webOS y HP webOS es un sistema operativo multitarea para dispositivos inteligentes como televisores y relojes, basado en Linux, desarrollado originalmente por Palm, Inc. como un sistema operativo para móviles y tab'),(27,'Duke Nukem Forever',1,'Duke Nukem Forever','Juego'),(28,'Facebook',1,'','Facebook es un sitio web de redes sociales creado por Mark Zuckerberg y fundado junto a Eduardo Saverin, Chris Hughes y Dustin Moskovitz. Originalmente era un sitio para estudiantes de la Universidad de Harvard, pero se abrió a cualquier persona con '),(29,'Apple Maps','ios 6.0','Apple','Apple Maps'),(30,'whatsapp','','Whastapp','Online mensaging'),(31,'Windows',95,'Microsoft','Sistema Operativo'),(32,'Google Lively','','Google','Virtual World'),(33,'Ping','1.0','Apple','Social Network'),(34,'Android','4.0','Google','Operating System'),(35,'PNG format','1.4.6','','Portable Network Graphics (PNG), is a raster graphics file format that supports lossless data compression. PNG was created as an improved, non-patented replacement for Graphics Interchange Format (GIF), and is the most used lossless image compression'),(36,'SMT de Avon Products','','','En el 2009 Avon Products inició el programa global Service Model Transformation (SMT), que combina aplicaciones ERP y CRM de SAP con un sistema frontal de software e-commerce de IBM WebSphere, con el objetivo de mejorar el sistema de gestión de pedid'),(37,'TEST','','',''),(38,'Facebook','','','');
/*!40000 ALTER TABLE `Product` ENABLE KEYS */;
UNLOCK TABLES;

--
-- Dumping data for table `ModelItem`
--

LOCK TABLES `ModelItem` WRITE;
/*!40000 ALTER TABLE `ModelItem` DISABLE KEYS */;
INSERT INTO ModelItem(id, model_id, dimension_id, factor_id, impact, weight, interpretation, help) VALUES (1,2,1,1,'positive',0.04,'In the case of SiS, it is interpreted in the same way.',' It should be rated with <i>Very high</i> when the team has the perception about the success of the project and with <i>Very low</i> it is not clear if the project is going to be finished.'),(2,2,1,2,'positive',0.03,'In the case of SiS, it is interpreted in the same way.',' It should be rated with <i>Very high</i> when the product could be developed with very few or none communication dependency with the customer and with <i>Very low</i> when communication with customer or development team is critical for the project success.'),(3,2,1,3,'positive',0.01,'In the case of SiS, it is focused on the different distribution channels and the impact that these channels have in the product distribution. Is the product available to direct download from Internet? Do customer need special channels to access to the product?','It should be rated with <i>Very high</i> when the success does not depends on the distribution channel and with <i>Very low</i> when the product success depends on the distribution channel.'),(4,2,1,4,'positive',0.04,'In the case of SiS, it is interpreted in the same way.',' It should be rated with <i>Very high</i> when the access to the market already exists and the product is going to use it and with <i>Very low</i> when it is critical to have a clear interface to access to the market and the product should create the interface.'),(5,2,1,5,'positive',0.03,'In the case of SiS, it is interpreted in the same way.','It should be rated with <i>Very high</i> when there is patience enough to start paying off and with <i>Very low</i> when there is not going to be enough patience to start paying off soon.'),(6,2,1,6,'positive',0.01,'In the case of SiS, it is interpreted in the same way.','It should be rated with <i>Very high</i> when the project requires that the project manager handle changes in the environment and technology very fast; therefore the project manager needs to have the ability to handle changes in a fast way and with <i>Very low</i> when the project does not require to react in a fast way when the environment or technology is changing and therefore, the project manager does not need to be able to handle changes.'),(7,2,1,7,'positive',0.01,'In the case of SiS, it is interpreted in the same way.','It should be rated with <i>Very high</i> when there are no other projects at the same time for the same team in competition in the same company and with <i>Very low</i> when there are other projects in competition in the same company.'),(8,2,1,8,'positive',0.07,'In the case of SiS, it is interpreted in the same way.','It should be rated with <i>Very high</i> when sales do not depend on marketing campaigns and with <i>Very low</i> when marketing decisions have a deep impact on product sales.'),(9,2,1,9,'positive',0.03,'In the case of SiS, this factor measures the level of testing performed to assure that the product is error free.','It should be rated with <i>Very high</i> when the product is going to be tested exhaustively previous to be on the market and with <i>Very low</i> when no specific testing processes are needed.'),(10,2,1,10,'positive',0.08,'In the case of SiS, it is interpreted in the same way.',' It should be rated with <i>Very high</i> when the Top management of the company is supporting the project and with <i>Very low</i> when the project is supported by departments but there is not a clear support from the company\'s structure.'),(11,2,1,11,'positive',0.01,'In the case of SiS, it is interpreted in the same way. Could the product be developed with the resources available in the company?.','It should be rated with <i>Very high</i> when the company has resources enough to develop the product and with <i>Very low</i> when the company does not have resources enough and it should make an investment to develop the product.'),(12,2,1,12,'positive',0.01,'In the case of SiS, it is interpreted in the same way.','It should be rated with <i>Very high</i> when the product is receiving synergies from existing or previous development in the company and with <i>Very low</i> when the project is not receiving synergies from other projects from the company.'),(13,2,1,13,'positive',0.04,'In the case of SiS, it is interpreted in the same way.','It should be rated with <i>Very high</i> when all the skills needed for the project are covered by the company and with <i>Very low</i> when most of the requested skills are missing.'),(14,2,1,14,'positive',0.03,'In the case of SiS, it is interpreted in the same way','It should be rated with <i>Very high</i> when the project is managed in a way where very few review meetings are need and schedules are revised very few and with <i>Very low</i> when schedules are revised frequently.'),(15,2,1,15,'positive',0.06,'In the case of SiS, it is interpreted in the same way.','It should be rated with <i>Very high</i> when the company is strength in the market and the technology needed to develop the product and with <i>Very low</i> both market and technology are new for the company.'),(16,2,1,16,'positive',0.01,'In the case of SiS, it is interpreted in the same way.','It should be rated with <i>Very high</i> when the product is developed with fast feedback loops and with <i>Very low</i> when the product is developed without any feedback.'),(17,2,1,17,'both',0.01,'In the case of SiS, it is interpreted in the same way.',' It should be rated with <i>Very high</i> when the product is not completely new because the company has a background and with <i>Very low</i> when the product is completely new and, therefore, the knowledge about both the product and market is limited.'),(18,2,1,18,'positive',0.01,'In the case of SiS, it is interpreted in the same way.','It should be rated with <i>Very high</i> when the company has established plans to develop the product and with <i>Very low</i> when there are no clear directions in which the company wants to grow.'),(19,2,1,19,'positive',0.01,'In the case of SiS, it is interpreted in the same way.','It should be rated with <i>Very high</i> when the technical staff is interested in the project and with <i>Very low</i> when there is no special interest in the staff about the project.'),(20,2,1,20,'positive',0.01,'In the case of SiS, it is interpreted in the same way.','It should be rated with <i>Very high</i> when the goal of the product are clearly stated and aligned with the company and with <i>Very low</i> when the neither the goals are stated nor the product is aligned with the company strategy.'),(21,2,1,21,'positive',0.01,'In the case of SiS, it is interpreted in the same way.',' It should be rated with <i>Very high</i> when the product development has been scheduled before starting the project and with <i>Very low</i> when the schedule is being built as the product is developed.'),(22,2,1,22,'positive',0.03,'In the case of SiS, it is interpreted in the same way.','It should be rated with <i>Very high</i> when there is a project leader or a team with the ability to push the project when the development is stack and with <i>Very low</i> when no one has the ability to push the project.'),(23,2,1,23,'positive',0.01,'In the case of SiS, it is interpreted in the same way.',' It should be rated with <i>Very high</i> when the project manager is skilled enough to lead the project. He knows the product and the market and with <i>Very low</i> when the project manager does not know the scope of the project.'),(24,2,1,24,'positive',0.01,'In the case of SiS, it is interpreted in the same way.','It should be rated with <i>Very high</i> when the project was selected being the best evaluated considering among others: cost, duration or market and with <i>Very low</i> when no quantitative data supports the project selection.'),(25,2,1,25,'positive',0.08,'In the case of SiS, it is interpreted in the same way.',' It should be rated with <i>Very high</i> when R&D activities are scheduled and with <i>Very low</i> when R&D activities are performed as they happen.'),(26,2,1,26,'positive',0.01,'In the case of SiS, it is interpreted in the same way.','It should be rated with <i>Very high</i> when the project is pushed by the same department that proposed the idea and it has the skills enough to develop the project and with <i>Very low</i> when the idea is proposed and developed by different departments.'),(27,2,1,27,'positive',0.01,'In the case of SiS, it is interpreted in the same way.','It should be rated with <i>Very high</i> when the staff is composed by professional and with <i>Very low</i> when the staff does not have special skills.'),(28,2,1,28,'positive',0.01,'In the case of SiS, it is interpreted in the same way. All the existing distribution channels to put SiS in the market should be considered.','It should be rated with <i>Very high</i> when the company has a strong sales department to distribute the product and with <i>Very low</i> the company does not have a strong sales department.'),(29,2,1,29,'positive',0.04,'In the case of SiS, it is interpreted in the same way.','It should be rated with <i>Very high</i> when the technology needed to develop the product is part of the strategy of the company and with <i>Very low</i> when the technology needed is not aligned with the company strategy.'),(30,2,1,30,'positive',0.01,'In the case of SiS, it is interpreted in the same way.','It should be rated with <i>Very high</i> when managers know the technology needed to develop the product and with <i>Very low</i> when managers are not familiar with the technology.'),(31,2,1,31,'positive',0.06,'In the case of SiS, it is interpreted in the same way.','It should be rated with <i>Very high</i> when it is the right time in terms off commitment, expenditures and satisfaction in the product line and with <i>Very low</i> when the company is more focused on other product lines.'),(32,2,1,32,'positive',0.04,'In the case of SiS, it is interpreted in the same way.',' It should be rated with <i>Very high</i> when the product could be developed with the available resources in the company and with <i>Very low</i> when new people should be enrolled to the company to perform the product.'),(33,2,1,33,'positive',0.01,'In the case of SiS, it is interpreted in the same way and also considering different technological alternatives for implementing the product.','It should be rated with <i>Very high</i> when product metrics have been defined to prevent and detect problems and with <i>Very low</i> when no risk analysis has been performed and there are no metrics to control the product development.'),(34,2,1,34,'both',0.01,'In the case if SiS, it is interpreted in the same way.','It should be rated with <i>Very high</i> when the market and the target for the product have been clearly identified and with <i>Very low</i> when the market has not been studied in advance to product development.'),(35,2,1,35,'both',0.01,'In the case of SiS, it is interpreted in the same way.','It should be rated with <i>Very high</i> when no outside communication has been applied to develop the product; that is team did not needed additional communication channels to develop the product and with <i>Very low</i> when additional communication channels have been required in the development delaying or increasing the complexity of the development.'),(36,2,1,36,'positive',0.03,'In the case of SiS, it is interpreted in the same way.','It should be rated with <i>Very high</i> when the product technological route is well defined and with <i>Very low</i> there was no agreement about the technological route to be taken. '),(37,2,2,38,'both',0.1,'In the case of SiS it is interpreted in the same way.','It should be rated with <i>Very high</i> when the market entry barriers are low and with <i>Very low</i> when it is hard to access to the market.'),(38,2,2,39,'positive',0.02,'In the case of SiS it is interpreted in the same way.','It should be rated with <i>Very high</i> when very few competitors are in the market and with <i>Very low</i> there are several competitors providing similar products or services.'),(39,2,2,40,'negative',0.02,'In the case of SiS it is interpreted in the same way.',' It should be rated with <i>Very high</i> when a market analysis has not been performed in advance to the product development and with <i>Very low</i> when a market analysis has been performed before.'),(40,2,2,41,'negative',0.02,'In the case of SiS it is interpreted in the same way.','It should be rated with <i>Very high</i> when the market is not mature to accept the product because the product is disruptive and with <i>Very low</i> when the market is mature to accept the new product.'),(41,2,2,42,'positive',0.02,'In the case of SiS it is interpreted in the same way.','It should be rated with <i>Very high</i> when few competitors are in the market and with <i>Very low</i> too many competitors are in the market.'),(42,2,2,43,'positive',0.07,'In the case of SiS it is interpreted in the same way.','It should be rated with <i>Very high</i> when the company has flexibility to fix the marginal profit and with <i>Very low</i> when the profit is fixed by the market and the existing competitors.'),(43,2,2,44,'both',0.05,'In the case of SiS it is interpreted in the same way.','It should be rated with <i>Very high</i> when the product is in the growth phase and with <i>Very low</i> when the product is in the infancy or the market is too mature.'),(44,2,2,45,'positive',0.1,'In the case of SiS it is interpreted in the same way.','It should be rated with <i>Very high</i> when it is able to put on the market the product at lower prices than competitors with the same features and with <i>Very low</i> when there are some other products from competitors with the same features and at lower prices.'),(45,2,2,46,'both',0.05,'In the case of SiS it is interpreted in the same way.','It should be rated with <i>Very high</i> when the company has performed a market analysis for the product before to be put in the market and with <i>Very low</i> when there is not a market analysis for the product. It means a high risk.'),(46,2,2,47,'positive',0.1,' In the case of SiS it could be interpreted as if the market is ready to accept the new functionality provided the product. ','It should be rated with <i>Very high</i> when the market is mature enough or is requesting new functionalities and it ready to accept new products and with <i>Very low</i> when the market is comfortable with the existing products and it is not demanding new functionalities.'),(47,2,2,48,'both',0.05,'In the case of SiS it is interpreted in the same way.','It should be rated with <i>Very high</i> when the product is driven by a custormer who has a need and with <i>Very low</i> when there is no a final customer defining the product.'),(48,2,2,49,'positive',0.05,'In the case of SiS it is interpreted in the same way.','It should be rated with <i>Very high</i> when the number of users is enough to keep the product focused and with <i>Very low</i> when the number of users is small, so that companies tend to design a general product reducing the innovation.'),(49,2,2,50,'positive',0.05,'In the case of SiS it is interpreted in the same way.','It should be rated with <i>Very high</i> when the user consider that product is providing a high value and customers perceive that the product will help them  and with <i>Very low</i> when it is not clear how much value is providing the product.'),(50,2,2,51,'positive',0.05,' In the case of SiS it is interpreted in the same way.','It should be rated with <i>Very high</i> when it is expected a commercial success and with <i>Very low</i> when it is unknown or it is not clear the commercial success.'),(51,2,2,52,'positive',0.05,'In the case of SiS the time frame is less than six month. It is typical to launch new versions every three months. Due to the nature of software the rate of new product could be high in opening market.','It should be rated with <i>Very high</i> when the number of product introduction is growing for a market and with <i>Very low</i> the number of new products in the market is very low or even null.'),(52,2,2,53,'positive',0.02,'In the case of SiS growing markets are not related with growing economies but to new sectors where SiS are applied.','It should be rated with <i>Very high</i> when the product is become a pioneer in the market and with <i>Very low</i> the product does not belong to a growing market but a well established market.'),(53,2,2,54,'positive',0.05,' In the case of SiS it is interpreted in the same way.','It should be rated with <i>Very high</i> when the factor is greater than 40 \\% and with <i>Very low</i> when the factor is less than 40\\%'),(54,2,2,55,'negative',0.02,'In the case of SiS it is interpreted in the same way.','It should be rated with <i>Very high</i> when the market growth is very slow considering a mature market and with <i>Very low</i> when the growth is slow but the market is quite new.'),(55,2,2,56,'positive',0.05,'In the case of SiS it is interpreted in the same way.','It should be rated with <i>Very high</i> when the market has a huge amount of potential users and there are some other products in the market and with <i>Very low</i> when the market is not solid or it is starting.'),(56,2,2,57,'positive',0.02,'In the case of SiS, it is interpreted in the same way.','It should be rated with <i>Very high</i> when the product is the last stage of development and with <i>Very low</i> when the product is still under development.'),(57,2,2,37,'positive',0.02,'In the case of SiS it measures if the product success is independent of distribution channel or if the distribution channel is limiting the product accessing to the market.','It should be rated with <i>Very high</i> when the market is accessible without limitation of the existing distribution channels and with <i>Very low</i> when the market distribution channel is very restrictive.'),(58,2,3,58,'positive',0.36,'In the case of SiS, it concerns with the components (software and hardware) and their stability needed to implement the system.',' It should be rated with <i>Very high</i> when all the components are available and stable and with <i>Very low</i> when most of the needed resources will be provided by external companies or when they are not mature enough.'),(59,2,3,59,'both',0.09,'In the case of SiS, it is interpreted in the same way.','It should be rated with <i>Very high</i> when government regulations are defined and no changes are expected and with <i>Very low</i> when there are no government regulations yet but they are expected to be defined in the future what could require companies to make extensive changes resulting in greatly Increased costs for the final product. In this case <i>Very low</i> represents a negative impact.'),(60,2,3,60,'both',0.09,'In the case of SiS, it is interpreted in the same way.','It should be rated with <i>Very high</i> when the product is breaking the market and competitors are small and fragmented and with <i>Very low</i> when the product is part of a market with many competitors. In this case <i>Very low</i> represents a negative impact.'),(61,2,3,61,'both',0.18,'In the case of SiS it is interpreted in the same way.','It should be rated with <i>Very high</i> when product development is not affected by political or social factors outside the company and with <i>Very low</i> when product development depends on political or social institutions. In this case <i>Very low</i> represents a negative impact.'),(62,2,3,62,'both',0.09,'In the case of SiS it is interpreted in the same way.','It should be rated with <i>Very high</i> when the product is considered as relevant to a mass population or market and with <i>Very low</i> when the product is targeted to a tight market or population.'),(63,2,3,63,'negative',0.09,'In the case of SiS, however, is now the principle controlling element in many industrial and consumer products. It is so pervasive that it is found in just about every product that is labelled electronic. Software can cause products to do strange and even terrifying things. Software bugs and errors could mean injuries or damages.','It should be rated with <i>Very high</i> when the risk of injuries is high and with <i>Very low</i> when the risk of injuries is very low, but they could happen. In the case of no injuries risk, this factor should be rated as <i>Not Applicable}.'),(64,2,3,37,'positive',0.09,'In the case of SiS it measures if the product success is independent of distribution channel or if the distribution channel is limiting the product.','It should be rated with <i>Very high</i> when the product could be distributed by many distribution channels and markets and with <i>Very low</i> when the distribution channel is very restrictive.'),(65,2,4,64,'both',0.13,'In the case of SiS, it is interpreted in the same way.','It should be rated with <i>Very high</i> when the product could be categorized as demand-pull and with <i>Very low</i> when the product could be categorized as technology-push.'),(66,2,4,65,'positive',0.04,'In the case of SiS, it is interpreted in the same way but extending the concept of patents to copyrighted software.',' It should be rated with <i>Very high</i> when new copyrights could be derived from the product and the new directions and with <i>Very low</i> when no new directions were associated to the product.'),(67,2,4,66,'positive',0.13,'It is also known as price/performance ratio. The most desirable outcome is that the item is low cost, but high performance. In the middle of the scale are products that are either high performance and high cost, or low performance and low cost. The least desirable ranking tends to be for a product that is high cost, but low performance.  As technology has advanced, products have become more powerful and increasingly more accessible to consumers.','It should be rated with <i>Very high</i> when the product provides as much performances as expected by customers with the lowest cost and with <i>Very low</i> when the cost of the product is still high.'),(68,2,4,67,'positive',0.04,'In the case of SiS, it is interpreted in the same way.','It should be rated with <i>Very high</i> when product could be put into the market in an incremental way by adding new features and with <i>Very low</i> when the product can not be put into the market incrementally.'),(69,2,4,68,'positive',0.08,'In the case of SiS, it is interpreted in the same way.','It should be rated with <i>Very high</i> when the product is completely new to the market and with <i>Very low</i> when the product does not provide any new features or it has very few new features.'),(70,2,4,69,'positive',0.04,'In the case of SiS, a software patent is a patent that is provided to enhance computer performance by means of a computer application. There is no legal or conclusive definition for a software patent. This and the topic of related intellectual property (IP) protection rights have been intensely debated at all levels in the tech world. Different countries have different restrictions on patenting software innovations.','It should be rated with <i>Very high</i> when the software has many new components that have been copyrighted and with <i>Very low</i> when the intellectual property is not relevant to the product.'),(71,2,4,70,'positive',0.08,'In the case of SiS, it is interpreted in the same way.','It should be rated with <i>Very high</i> when product features are well defined and the product is goal is clear and with <i>Very low</i> when product features are not defined or if the product does not have clear goals.'),(72,2,4,71,'positive',0.21,'In the case of SiS, it is interpreted in the same way.','It should be rated with <i>Very high</i> when the product technological route is well defined and they are feasible and with <i>Very low</i> when there is a high technological risk, that is, technology is not available and it is expected some delays due to technology.'),(73,2,4,72,'both',0.04,'In the case of SiS, it is interpreted in the same way.','It should be rated with <i>Very high</i> when the product is considered as useful to a wide range of customers and with <i>Very low</i> when it is not clear how useful is to customers or it is only useful to a small group of customers.'),(74,2,4,36,'positive',0.08,'In the case of SiS, it is interpreted in the same way.','It should be rated with <i>Very high</i> when the product technological route is well defined and with <i>Very low</i> there was no agreement about the technological route to be taken.'),(75,2,4,57,'positive',0.04,'In the case of SiS, it is interpreted in the same way.',' It should be rated with <i>Very high</i> when the product is the last stage of development and with <i>Very low</i> when the product is still under development.'),(76,2,4,37,'positive',0.04,'In the case of SiS, it measures how the environment could affect to the product distribution. If the product success is independent of distribution channel technology or if the distribution channel technology is limiting the product.','It should be rated with <i>Very high</i> when the product could be distributed by many distribution channels and markets and with <i>Very low</i> the distribution channel is very restrictive.'),(77,2,4,63,'negative',0.04,'In the case of SiS, however, is now the principle controlling element in many industrial and consumer products. It is so pervasive that it is found in just about every product that is labelled electronic. Software can cause products to do strange and even terrifying things. Software bugs and errors could mean injuries or damages.','It should be rated with <i>Very high</i> when the risk of injuries derived from the technology used is very low, but they could happen and with <i>Very low</i> when the risk of injuries derived from the technology used is high. In the case of no injuries risk, this factor should be rated as <i>Not Applicable}.'),(78,1,1,1,'positive',1,'In the case of SiS, it is interpreted in the same way.',' It should be rated with <i>Very high</i> when the team has the perception about the success of the project and with <i>Very low</i> it is not clear if the project is going to be finished.'),(79,1,1,2,'positive',1,'In the case of SiS, it is interpreted in the same way.',' It should be rated with <i>Very high</i> when the product could be developed with very few or none communication dependency with the customer and with <i>Very low</i> when communication with customer or development team is critical for the project success.'),(80,1,1,3,'positive',1,'In the case of SiS, it is focused on the different distribution channels and the impact that these channels have in the product distribution. Is the product available to direct download from Internet? Do customer need special channels to access to the product?','It should be rated with <i>Very high</i> when the success does not depends on the distribution channel and with <i>Very low</i> when the product success depends on the distribution channel.'),(81,1,1,4,'positive',1,'In the case of SiS, it is interpreted in the same way.',' It should be rated with <i>Very high</i> when the access to the market already exists and the product is going to use it and with <i>Very low</i> when it is critical to have a clear interface to access to the market and the product should create the interface.'),(82,1,1,5,'positive',1,'In the case of SiS, it is interpreted in the same way.','It should be rated with <i>Very high</i> when there is patience enough to start paying off and with <i>Very low</i> when there is not going to be enough patience to start paying off soon.'),(83,1,1,6,'positive',1,'In the case of SiS, it is interpreted in the same way.','It should be rated with <i>Very high</i> when the project requires that the project manager handle changes in the environment and technology very fast; therefore the project manager needs to have the ability to handle changes in a fast way and with <i>Very low</i> when the project does not require to react in a fast way when the environment or technology is changing and therefore, the project manager does not need to be able to handle changes.'),(84,1,1,7,'positive',1,'In the case of SiS, it is interpreted in the same way.','It should be rated with <i>Very high</i> when there are no other projects at the same time for the same team in competition in the same company and with <i>Very low</i> when there are other projects in competition in the same company.'),(85,1,1,8,'positive',1,'In the case of SiS, it is interpreted in the same way.','It should be rated with <i>Very high</i> when sales do not depend on marketing campaigns and with <i>Very low</i> when marketing decisions have a deep impact on product sales.'),(86,1,1,9,'positive',1,'In the case of SiS, this factor measures the level of testing performed to assure that the product is error free.','It should be rated with <i>Very high</i> when the product is going to be tested exhaustively previous to be on the market and with <i>Very low</i> when no specific testing processes are needed.'),(87,1,1,10,'positive',1,'In the case of SiS, it is interpreted in the same way.',' It should be rated with <i>Very high</i> when the Top management of the company is supporting the project and with <i>Very low</i> when the project is supported by departments but there is not a clear support from the company\'s structure.'),(88,1,1,11,'positive',1,'In the case of SiS, it is interpreted in the same way. Could the product be developed with the resources available in the company?.','It should be rated with <i>Very high</i> when the company has resources enough to develop the product and with <i>Very low</i> when the company does not have resources enough and it should make an investment to develop the product.'),(89,1,1,12,'positive',1,'In the case of SiS, it is interpreted in the same way.','It should be rated with <i>Very high</i> when the product is receiving synergies from existing or previous development in the company and with <i>Very low</i> when the project is not receiving synergies from other projects from the company.'),(90,1,1,13,'positive',1,'In the case of SiS, it is interpreted in the same way.','It should be rated with <i>Very high</i> when all the skills needed for the project are covered by the company and with <i>Very low</i> when most of the requested skills are missing.'),(91,1,1,14,'positive',1,'In the case of SiS, it is interpreted in the same way','It should be rated with <i>Very high</i> when the project is managed in a way where very few review meetings are need and schedules are revised very few and with <i>Very low</i> when schedules are revised frequently.'),(92,1,1,15,'positive',1,'In the case of SiS, it is interpreted in the same way.','It should be rated with <i>Very high</i> when the company is strength in the market and the technology needed to develop the product and with <i>Very low</i> both market and technology are new for the company.'),(93,1,1,16,'positive',1,'In the case of SiS, it is interpreted in the same way.','It should be rated with <i>Very high</i> when the product is developed with fast feedback loops and with <i>Very low</i> when the product is developed without any feedback.'),(94,1,1,17,'both',1,'In the case of SiS, it is interpreted in the same way.',' It should be rated with <i>Very high</i> when the product is not completely new because the company has a background and with <i>Very low</i> when the product is completely new and, therefore, the knowledge about both the product and market is limited.'),(95,1,1,18,'positive',1,'In the case of SiS, it is interpreted in the same way.','It should be rated with <i>Very high</i> when the company has established plans to develop the product and with <i>Very low</i> when there are no clear directions in which the company wants to grow.'),(96,1,1,19,'positive',1,'In the case of SiS, it is interpreted in the same way.','It should be rated with <i>Very high</i> when the technical staff is interested in the project and with <i>Very low</i> when there is no special interest in the staff about the project.'),(97,1,1,20,'positive',1,'In the case of SiS, it is interpreted in the same way.','It should be rated with <i>Very high</i> when the goal of the product are clearly stated and aligned with the company and with <i>Very low</i> when the neither the goals are stated nor the product is aligned with the company strategy.'),(98,1,1,21,'positive',1,'In the case of SiS, it is interpreted in the same way.',' It should be rated with <i>Very high</i> when the product development has been scheduled before starting the project and with <i>Very low</i> when the schedule is being built as the product is developed.'),(99,1,1,22,'positive',1,'In the case of SiS, it is interpreted in the same way.','It should be rated with <i>Very high</i> when there is a project leader or a team with the ability to push the project when the development is stack and with <i>Very low</i> when no one has the ability to push the project.'),(100,1,1,23,'positive',1,'In the case of SiS, it is interpreted in the same way.',' It should be rated with <i>Very high</i> when the project manager is skilled enough to lead the project. He knows the product and the market and with <i>Very low</i> when the project manager does not know the scope of the project.'),(101,1,1,24,'positive',1,'In the case of SiS, it is interpreted in the same way.','It should be rated with <i>Very high</i> when the project was selected being the best evaluated considering among others: cost, duration or market and with <i>Very low</i> when no quantitative data supports the project selection.'),(102,1,1,25,'positive',1,'In the case of SiS, it is interpreted in the same way.',' It should be rated with <i>Very high</i> when R&D activities are scheduled and with <i>Very low</i> when R&D activities are performed as they happen.'),(103,1,1,26,'positive',1,'In the case of SiS, it is interpreted in the same way.','It should be rated with <i>Very high</i> when the project is pushed by the same department that proposed the idea and it has the skills enough to develop the project and with <i>Very low</i> when the idea is proposed and developed by different departments.'),(104,1,1,27,'positive',1,'In the case of SiS, it is interpreted in the same way.','It should be rated with <i>Very high</i> when the staff is composed by professional and with <i>Very low</i> when the staff does not have special skills.'),(105,1,1,28,'positive',1,'In the case of SiS, it is interpreted in the same way. All the existing distribution channels to put SiS in the market should be considered.','It should be rated with <i>Very high</i> when the company has a strong sales department to distribute the product and with <i>Very low</i> the company does not have a strong sales department.'),(106,1,1,29,'positive',1,'In the case of SiS, it is interpreted in the same way.','It should be rated with <i>Very high</i> when the technology needed to develop the product is part of the strategy of the company and with <i>Very low</i> when the technology needed is not aligned with the company strategy.'),(107,1,1,30,'positive',1,'In the case of SiS, it is interpreted in the same way.','It should be rated with <i>Very high</i> when managers know the technology needed to develop the product and with <i>Very low</i> when managers are not familiar with the technology.'),(108,1,1,31,'positive',1,'In the case of SiS, it is interpreted in the same way.','It should be rated with <i>Very high</i> when it is the right time in terms off commitment, expenditures and satisfaction in the product line and with <i>Very low</i> when the company is more focused on other product lines.'),(109,1,1,32,'positive',1,'In the case of SiS, it is interpreted in the same way.',' It should be rated with <i>Very high</i> when the product could be developed with the available resources in the company and with <i>Very low</i> when new people should be enrolled to the company to perform the product.'),(110,1,1,33,'positive',1,'In the case of SiS, it is interpreted in the same way and also considering different technological alternatives for implementing the product.','It should be rated with <i>Very high</i> when product metrics have been defined to prevent and detect problems and with <i>Very low</i> when no risk analysis has been performed and there are no metrics to control the product development.'),(111,1,1,34,'both',1,'In the case if SiS, it is interpreted in the same way.','It should be rated with <i>Very high</i> when the market and the target for the product have been clearly identified and with <i>Very low</i> when the market has not been studied in advance to product development.'),(112,1,1,35,'both',1,'In the case of SiS, it is interpreted in the same way.','It should be rated with <i>Very high</i> when no outside communication has been applied to develop the product; that is team did not needed additional communication channels to develop the product and with <i>Very low</i> when additional communication channels have been required in the development delaying or increasing the complexity of the development.'),(113,1,1,36,'positive',1,'In the case of SiS, it is interpreted in the same way.','It should be rated with <i>Very high</i> when the product technological route is well defined and with <i>Very low</i> there was no agreement about the technological route to be taken. '),(114,1,2,38,'both',1,'In the case of SiS it is interpreted in the same way.','It should be rated with <i>Very high</i> when the market entry barriers are low and with <i>Very low</i> when it is hard to access to the market.'),(115,1,2,39,'positive',1,'In the case of SiS it is interpreted in the same way.','It should be rated with <i>Very high</i> when very few competitors are in the market and with <i>Very low</i> there are several competitors providing similar products or services.'),(116,1,2,40,'negative',1,'In the case of SiS it is interpreted in the same way.',' It should be rated with <i>Very high</i> when a market analysis has not been performed in advance to the product development and with <i>Very low</i> when a market analysis has been performed before.'),(117,1,2,41,'negative',1,'In the case of SiS it is interpreted in the same way.','It should be rated with <i>Very high</i> when the market is not mature to accept the product because the product is disruptive and with <i>Very low</i> when the market is mature to accept the new product.'),(118,1,2,42,'positive',1,'In the case of SiS it is interpreted in the same way.','It should be rated with <i>Very high</i> when few competitors are in the market and with <i>Very low</i> too many competitors are in the market.'),(119,1,2,43,'positive',1,'In the case of SiS it is interpreted in the same way.','It should be rated with <i>Very high</i> when the company has flexibility to fix the marginal profit and with <i>Very low</i> when the profit is fixed by the market and the existing competitors.'),(120,1,2,44,'both',1,'In the case of SiS it is interpreted in the same way.','It should be rated with <i>Very high</i> when the product is in the growth phase and with <i>Very low</i> when the product is in the infancy or the market is too mature.'),(121,1,2,45,'positive',1,'In the case of SiS it is interpreted in the same way.','It should be rated with <i>Very high</i> when it is able to put on the market the product at lower prices than competitors with the same features and with <i>Very low</i> when there are some other products from competitors with the same features and at lower prices.'),(122,1,2,46,'both',1,'In the case of SiS it is interpreted in the same way.','It should be rated with <i>Very high</i> when the company has performed a market analysis for the product before to be put in the market and with <i>Very low</i> when there is not a market analysis for the product. It means a high risk.'),(123,1,2,47,'positive',1,' In the case of SiS it could be interpreted as if the market is ready to accept the new functionality provided the product. ','It should be rated with <i>Very high</i> when the market is mature enough or is requesting new functionalities and it ready to accept new products and with <i>Very low</i> when the market is comfortable with the existing products and it is not demanding new functionalities.'),(124,1,2,48,'both',1,'In the case of SiS it is interpreted in the same way.','It should be rated with <i>Very high</i> when the product is driven by a custormer who has a need and with <i>Very low</i> when there is no a final customer defining the product.'),(125,1,2,49,'positive',1,'In the case of SiS it is interpreted in the same way.','It should be rated with <i>Very high</i> when the number of users is enough to keep the product focused and with <i>Very low</i> when the number of users is small, so that companies tend to design a general product reducing the innovation.'),(126,1,2,50,'positive',1,'In the case of SiS it is interpreted in the same way.','It should be rated with <i>Very high</i> when the user consider that product is providing a high value and customers perceive that the product will help them  and with <i>Very low</i> when it is not clear how much value is providing the product.'),(127,1,2,51,'positive',1,' In the case of SiS it is interpreted in the same way.','It should be rated with <i>Very high</i> when it is expected a commercial success and with <i>Very low</i> when it is unknown or it is not clear the commercial success.'),(128,1,2,52,'positive',1,'In the case of SiS the time frame is less than six month. It is typical to launch new versions every three months. Due to the nature of software the rate of new product could be high in opening market.','It should be rated with <i>Very high</i> when the number of product introduction is growing for a market and with <i>Very low</i> the number of new products in the market is very low or even null.'),(129,1,2,53,'positive',1,'In the case of SiS growing markets are not related with growing economies but to new sectors where SiS are applied.','It should be rated with <i>Very high</i> when the product is become a pioneer in the market and with <i>Very low</i> the product does not belong to a growing market but a well established market.'),(130,1,2,54,'positive',1,' In the case of SiS it is interpreted in the same way.','It should be rated with <i>Very high</i> when the factor is greater than 40 \\% and with <i>Very low</i> when the factor is less than 40\\%'),(131,1,2,55,'negative',1,'In the case of SiS it is interpreted in the same way.','It should be rated with <i>Very high</i> when the market growth is very slow considering a mature market and with <i>Very low</i> when the growth is slow but the market is quite new.'),(132,1,2,56,'positive',1,'In the case of SiS it is interpreted in the same way.','It should be rated with <i>Very high</i> when the market has a huge amount of potential users and there are some other products in the market and with <i>Very low</i> when the market is not solid or it is starting.'),(133,1,2,57,'positive',1,'In the case of SiS, it is interpreted in the same way.','It should be rated with <i>Very high</i> when the product is the last stage of development and with <i>Very low</i> when the product is still under development.'),(134,1,2,37,'positive',1,'In the case of SiS it measures if the product success is independent of distribution channel or if the distribution channel is limiting the product accessing to the market.','It should be rated with <i>Very high</i> when the market is accessible without limitation of the existing distribution channels and with <i>Very low</i> when the market distribution channel is very restrictive.'),(135,1,3,58,'positive',1,'In the case of SiS, it concerns with the components (software and hardware) and their stability needed to implement the system.',' It should be rated with <i>Very high</i> when all the components are available and stable and with <i>Very low</i> when most of the needed resources will be provided by external companies or when they are not mature enough.'),(136,1,3,59,'both',1,'In the case of SiS, it is interpreted in the same way.','It should be rated with <i>Very high</i> when government regulations are defined and no changes are expected and with <i>Very low</i> when there are no government regulations yet but they are expected to be defined in the future what could require companies to make extensive changes resulting in greatly Increased costs for the final product. In this case <i>Very low</i> represents a negative impact.'),(137,1,3,60,'both',1,'In the case of SiS, it is interpreted in the same way.','It should be rated with <i>Very high</i> when the product is breaking the market and competitors are small and fragmented and with <i>Very low</i> when the product is part of a market with many competitors. In this case <i>Very low</i> represents a negative impact.'),(138,1,3,61,'both',1,'In the case of SiS it is interpreted in the same way.','It should be rated with <i>Very high</i> when product development is not affected by political or social factors outside the company and with <i>Very low</i> when product development depends on political or social institutions. In this case <i>Very low</i> represents a negative impact.'),(139,1,3,62,'both',1,'In the case of SiS it is interpreted in the same way.','It should be rated with <i>Very high</i> when the product is considered as relevant to a mass population or market and with <i>Very low</i> when the product is targeted to a tight market or population.'),(140,1,3,63,'negative',1,'In the case of SiS, however, is now the principle controlling element in many industrial and consumer products. It is so pervasive that it is found in just about every product that is labelled electronic. Software can cause products to do strange and even terrifying things. Software bugs and errors could mean injuries or damages.','It should be rated with <i>Very high</i> when the risk of injuries is high and with <i>Very low</i> when the risk of injuries is very low, but they could happen. In the case of no injuries risk, this factor should be rated as <i>Not Applicable}.'),(141,1,3,37,'positive',1,'In the case of SiS it measures if the product success is independent of distribution channel or if the distribution channel is limiting the product.','It should be rated with <i>Very high</i> when the product could be distributed by many distribution channels and markets and with <i>Very low</i> when the distribution channel is very restrictive.'),(142,1,4,64,'both',1,'In the case of SiS, it is interpreted in the same way.','It should be rated with <i>Very high</i> when the product could be categorized as demand-pull and with <i>Very low</i> when the product could be categorized as technology-push.'),(143,1,4,65,'positive',1,'In the case of SiS, it is interpreted in the same way but extending the concept of patents to copyrighted software.',' It should be rated with <i>Very high</i> when new copyrights could be derived from the product and the new directions and with <i>Very low</i> when no new directions were associated to the product.'),(144,1,4,66,'positive',1,'It is also known as price/performance ratio. The most desirable outcome is that the item is low cost, but high performance. In the middle of the scale are products that are either high performance and high cost, or low performance and low cost. The least desirable ranking tends to be for a product that is high cost, but low performance.  As technology has advanced, products have become more powerful and increasingly more accessible to consumers.','It should be rated with <i>Very high</i> when the product provides as much performances as expected by customers with the lowest cost and with <i>Very low</i> when the cost of the product is still high.'),(145,1,4,67,'positive',1,'In the case of SiS, it is interpreted in the same way.','It should be rated with <i>Very high</i> when product could be put into the market in an incremental way by adding new features and with <i>Very low</i> when the product can not be put into the market incrementally.'),(146,1,4,68,'positive',1,'In the case of SiS, it is interpreted in the same way.','It should be rated with <i>Very high</i> when the product is completely new to the market and with <i>Very low</i> when the product does not provide any new features or it has very few new features.'),(147,1,4,69,'positive',1,'In the case of SiS, a software patent is a patent that is provided to enhance computer performance by means of a computer application. There is no legal or conclusive definition for a software patent. This and the topic of related intellectual property (IP) protection rights have been intensely debated at all levels in the tech world. Different countries have different restrictions on patenting software innovations.','It should be rated with <i>Very high</i> when the software has many new components that have been copyrighted and with <i>Very low</i> when the intellectual property is not relevant to the product.'),(148,1,4,70,'positive',1,'In the case of SiS, it is interpreted in the same way.','It should be rated with <i>Very high</i> when product features are well defined and the product is goal is clear and with <i>Very low</i> when product features are not defined or if the product does not have clear goals.'),(149,1,4,71,'positive',1,'In the case of SiS, it is interpreted in the same way.','It should be rated with <i>Very high</i> when the product technological route is well defined and they are feasible and with <i>Very low</i> when there is a high technological risk, that is, technology is not available and it is expected some delays due to technology.'),(150,1,4,72,'both',1,'In the case of SiS, it is interpreted in the same way.','It should be rated with <i>Very high</i> when the product is considered as useful to a wide range of customers and with <i>Very low</i> when it is not clear how useful is to customers or it is only useful to a small group of customers.'),(151,1,4,36,'positive',1,'In the case of SiS, it is interpreted in the same way.','It should be rated with <i>Very high</i> when the product technological route is well defined and with <i>Very low</i> there was no agreement about the technological route to be taken.'),(152,1,4,57,'positive',1,'In the case of SiS, it is interpreted in the same way.',' It should be rated with <i>Very high</i> when the product is the last stage of development and with <i>Very low</i> when the product is still under development.'),(153,1,4,37,'positive',1,'In the case of SiS, it measures how the environment could affect to the product distribution. If the product success is independent of distribution channel technology or if the distribution channel technology is limiting the product.','It should be rated with <i>Very high</i> when the product could be distributed by many distribution channels and markets and with <i>Very low</i> the distribution channel is very restrictive.'),(154,1,4,63,'negative',1,'In the case of SiS, however, is now the principle controlling element in many industrial and consumer products. It is so pervasive that it is found in just about every product that is labelled electronic. Software can cause products to do strange and even terrifying things. Software bugs and errors could mean injuries or damages.','It should be rated with <i>Very high</i> when the risk of injuries derived from the technology used is very low, but they could happen and with <i>Very low</i> when the risk of injuries derived from the technology used is high. In the case of no injuries risk, this factor should be rated as <i>Not Applicable</i>.');
/*!40000 ALTER TABLE `ModelItem` ENABLE KEYS */;
UNLOCK TABLES;

--
-- Dumping data for table `Questionnaire`
--

LOCK TABLES `Questionnaire` WRITE;
/*!40000 ALTER TABLE `Questionnaire` DISABLE KEYS */;
INSERT INTO Questionnaire(id, model_id, name, version) VALUES (1,1,'complete','1.0'),(2,1,'Top_rated','1.0'),(3,2,'complete','1.0'),(4,2,'Top_rated','1.0');
/*!40000 ALTER TABLE `Questionnaire` ENABLE KEYS */;
UNLOCK TABLES;

--
-- Dumping data for table `AssessmentLine`
--

LOCK TABLES `AssessmentLine` WRITE;
/*!40000 ALTER TABLE `AssessmentLine` DISABLE KEYS */;
INSERT INTO AssessmentLine(id, questionnaire_id, modelItem_id, type) VALUES (1,1,78,'RadioPositive'),(2,1,79,'RadioPositive'),(3,1,80,'RadioPositive'),(4,1,81,'RadioPositive'),(5,1,82,'RadioPositive'),(6,1,83,'RadioPositive'),(7,1,84,'RadioPositive'),(8,1,85,'RadioPositive'),(9,1,86,'RadioPositive'),(10,1,87,'RadioPositive'),(11,1,88,'RadioPositive'),(12,1,89,'RadioPositive'),(13,1,90,'RadioPositive'),(14,1,91,'RadioPositive'),(15,1,92,'RadioPositive'),(16,1,93,'RadioPositive'),(17,1,94,'RadioPositive'),(18,1,95,'RadioPositive'),(19,1,96,'RadioPositive'),(20,1,97,'RadioPositive'),(21,1,98,'RadioPositive'),(22,1,99,'RadioPositive'),(23,1,100,'RadioPositive'),(24,1,101,'RadioPositive'),(25,1,102,'RadioPositive'),(26,1,103,'RadioPositive'),(27,1,104,'RadioPositive'),(28,1,105,'RadioPositive'),(29,1,106,'RadioPositive'),(30,1,107,'RadioPositive'),(31,1,108,'RadioPositive'),(32,1,109,'RadioPositive'),(33,1,110,'RadioPositive'),(34,1,111,'RadioBoth'),(35,1,112,'RadioBoth'),(36,1,113,'RadioPositive'),(37,1,114,'RadioBoth'),(38,1,115,'RadioPositive'),(39,1,116,'RadioNegative'),(40,1,117,'RadioNegative'),(41,1,118,'RadioPositive'),(42,1,119,'RadioPositive'),(43,1,120,'RadioBoth'),(44,1,121,'RadioPositive'),(45,1,122,'RadioBoth'),(46,1,123,'RadioPositive'),(47,1,124,'RadioBoth'),(48,1,125,'RadioPositive'),(49,1,126,'RadioPositive'),(50,1,127,'RadioPositive'),(51,1,128,'RadioPositive'),(52,1,129,'RadioPositive'),(53,1,130,'RadioPositive'),(54,1,131,'RadioNegative'),(55,1,132,'RadioPositive'),(56,1,133,'RadioPositive'),(57,1,134,'RadioPositive'),(58,1,135,'RadioPositive'),(59,1,136,'RadioBoth'),(60,1,137,'RadioBoth'),(61,1,138,'RadioBoth'),(62,1,139,'RadioBoth'),(63,1,140,'RadioNegative'),(64,1,141,'RadioPositive'),(65,1,142,'RadioBoth'),(66,1,143,'RadioPositive'),(67,1,144,'RadioPositive'),(68,1,145,'RadioPositive'),(69,1,146,'RadioPositive'),(70,1,147,'RadioPositive'),(71,1,148,'RadioPositive'),(72,1,149,'RadioPositive'),(73,1,150,'RadioPositive'),(74,1,151,'RadioPositive'),(75,1,152,'RadioPositive'),(76,1,153,'RadioPositive'),(77,1,154,'RadioNegative'),(78,2,78,'RadioPositive'),(79,2,79,'RadioPositive'),(80,2,81,'RadioPositive'),(81,2,82,'RadioPositive'),(82,2,85,'RadioPositive'),(83,2,86,'RadioPositive'),(84,2,87,'RadioPositive'),(85,2,90,'RadioPositive'),(86,2,91,'RadioPositive'),(87,2,92,'RadioPositive'),(88,2,99,'RadioPositive'),(89,2,102,'RadioPositive'),(90,2,106,'RadioPositive'),(91,2,108,'RadioPositive'),(92,2,109,'RadioPositive'),(93,2,113,'RadioPositive'),(94,2,114,'RadioBoth'),(95,2,119,'RadioPositive'),(96,2,120,'RadioBoth'),(97,2,121,'RadioPositive'),(98,2,122,'RadioBoth'),(99,2,123,'RadioPositive'),(100,2,124,'RadioBoth'),(101,2,125,'RadioPositive'),(102,2,126,'RadioPositive'),(103,2,127,'RadioPositive'),(104,2,128,'RadioPositive'),(105,2,130,'RadioPositive'),(106,2,132,'RadioPositive'),(107,2,135,'RadioPositive'),(108,2,138,'RadioBoth'),(109,2,140,'RadioNegative'),(110,2,141,'RadioPositive'),(111,2,142,'RadioBoth'),(112,2,144,'RadioPositive'),(113,2,146,'RadioPositive'),(114,2,148,'RadioPositive'),(115,2,149,'RadioPositive'),(116,2,151,'RadioPositive'),(117,3,1,'RadioPositive'),(118,3,2,'RadioPositive'),(119,3,3,'RadioPositive'),(120,3,4,'RadioPositive'),(121,3,5,'RadioPositive'),(122,3,6,'RadioPositive'),(123,3,7,'RadioPositive'),(124,3,8,'RadioPositive'),(125,3,9,'RadioPositive'),(126,3,10,'RadioPositive'),(127,3,11,'RadioPositive'),(128,3,12,'RadioPositive'),(129,3,13,'RadioPositive'),(130,3,14,'RadioPositive'),(131,3,15,'RadioPositive'),(132,3,16,'RadioPositive'),(133,3,17,'RadioPositive'),(134,3,18,'RadioPositive'),(135,3,19,'RadioPositive'),(136,3,20,'RadioPositive'),(137,3,21,'RadioPositive'),(138,3,22,'RadioPositive'),(139,3,23,'RadioPositive'),(140,3,24,'RadioPositive'),(141,3,25,'RadioPositive'),(142,3,26,'RadioPositive'),(143,3,27,'RadioPositive'),(144,3,28,'RadioPositive'),(145,3,29,'RadioPositive'),(146,3,30,'RadioPositive'),(147,3,31,'RadioPositive'),(148,3,32,'RadioPositive'),(149,3,33,'RadioPositive'),(150,3,34,'RadioBoth'),(151,3,35,'RadioBoth'),(152,3,36,'RadioPositive'),(153,3,37,'RadioBoth'),(154,3,38,'RadioPositive'),(155,3,39,'RadioNegative'),(156,3,40,'RadioNegative'),(157,3,41,'RadioPositive'),(158,3,42,'RadioPositive'),(159,3,43,'RadioBoth'),(160,3,44,'RadioPositive'),(161,3,45,'RadioBoth'),(162,3,46,'RadioPositive'),(163,3,47,'RadioBoth'),(164,3,48,'RadioPositive'),(165,3,49,'RadioPositive'),(166,3,50,'RadioPositive'),(167,3,51,'RadioPositive'),(168,3,52,'RadioPositive'),(169,3,53,'RadioPositive'),(170,3,54,'RadioNegative'),(171,3,55,'RadioPositive'),(172,3,56,'RadioPositive'),(173,3,57,'RadioPositive'),(174,3,58,'RadioPositive'),(175,3,59,'RadioBoth'),(176,3,60,'RadioBoth'),(177,3,61,'RadioBoth'),(178,3,62,'RadioBoth'),(179,3,63,'RadioNegative'),(180,3,64,'RadioPositive'),(181,3,65,'RadioBoth'),(182,3,66,'RadioPositive'),(183,3,67,'RadioPositive'),(184,3,68,'RadioPositive'),(185,3,69,'RadioPositive'),(186,3,70,'RadioPositive'),(187,3,71,'RadioPositive'),(188,3,72,'RadioPositive'),(189,3,73,'RadioPositive'),(190,3,74,'RadioPositive'),(191,3,75,'RadioPositive'),(192,3,76,'RadioPositive'),(193,3,77,'RadioNegative'),(194,4,1,'RadioPositive'),(195,4,2,'RadioPositive'),(196,4,4,'RadioPositive'),(197,4,5,'RadioPositive'),(198,4,8,'RadioPositive'),(199,4,9,'RadioPositive'),(200,4,10,'RadioPositive'),(201,4,13,'RadioPositive'),(202,4,14,'RadioPositive'),(203,4,15,'RadioPositive'),(204,4,22,'RadioPositive'),(205,4,25,'RadioPositive'),(206,4,29,'RadioPositive'),(207,4,31,'RadioPositive'),(208,4,32,'RadioPositive'),(209,4,36,'RadioPositive'),(210,4,37,'RadioBoth'),(211,4,42,'RadioPositive'),(212,4,43,'RadioBoth'),(213,4,44,'RadioPositive'),(214,4,45,'RadioBoth'),(215,4,46,'RadioPositive'),(216,4,47,'RadioBoth'),(217,4,48,'RadioPositive'),(218,4,49,'RadioPositive'),(219,4,50,'RadioPositive'),(220,4,51,'RadioPositive'),(221,4,53,'RadioPositive'),(222,4,55,'RadioPositive'),(223,4,58,'RadioPositive'),(224,4,61,'RadioBoth'),(225,4,63,'RadioNegative'),(226,4,64,'RadioPositive'),(227,4,65,'RadioBoth'),(228,4,67,'RadioPositive'),(229,4,69,'RadioPositive'),(230,4,71,'RadioPositive'),(231,4,72,'RadioPositive'),(232,4,74,'RadioPositive');
/*!40000 ALTER TABLE `AssessmentLine` ENABLE KEYS */;
UNLOCK TABLES;

--
-- Dumping data for table `LineValue`
--

LOCK TABLES `LineValue` WRITE;
/*!40000 ALTER TABLE `LineValue` DISABLE KEYS */;
INSERT INTO LineValue(questionnaire_id, assessmentLine_id, product_id, selectedValue, creationDate, creationTime) VALUES (4,194,2,'Unknown','2014-05-05','14:17'),(4,195,2,'Unknown','2014-05-05','14:17'),(4,196,2,'Unknown','2014-05-05','14:17'),(4,197,2,'Unknown','2014-05-05','14:17'),(4,198,2,'Unknown','2014-05-05','14:17'),(4,199,2,'Unknown','2014-05-05','14:17'),(4,200,2,'Unknown','2014-05-05','14:17'),(4,201,2,'Unknown','2014-05-05','14:17'),(4,202,2,'Unknown','2014-05-05','14:17'),(4,203,2,'Unknown','2014-05-05','14:17'),(4,204,2,'Unknown','2014-05-05','14:17'),(4,205,2,'Unknown','2014-05-05','14:17'),(4,206,2,'Unknown','2014-05-05','14:17'),(4,207,2,'Unknown','2014-05-05','14:17'),(4,208,2,'Unknown','2014-05-05','14:17'),(4,209,2,'Unknown','2014-05-05','14:17'),(4,210,2,'Unknown','2014-05-05','14:17'),(4,211,2,'Unknown','2014-05-05','14:17'),(4,212,2,'Unknown','2014-05-05','14:17'),(4,213,2,'Unknown','2014-05-05','14:17'),(4,214,2,'Unknown','2014-05-05','14:17'),(4,215,2,'Unknown','2014-05-05','14:17'),(4,216,2,'Unknown','2014-05-05','14:17'),(4,217,2,'Unknown','2014-05-05','14:17'),(4,218,2,'Unknown','2014-05-05','14:17'),(4,219,2,'Unknown','2014-05-05','14:17'),(4,220,2,'Unknown','2014-05-05','14:17'),(4,221,2,'Unknown','2014-05-05','14:17'),(4,222,2,'Unknown','2014-05-05','14:17'),(4,223,2,'Unknown','2014-05-05','14:17'),(4,224,2,'Unknown','2014-05-05','14:17'),(4,225,2,'Unknown','2014-05-05','14:17'),(4,226,2,'Unknown','2014-05-05','14:17'),(4,227,2,'Unknown','2014-05-05','14:17'),(4,228,2,'Unknown','2014-05-05','14:17'),(4,229,2,'Unknown','2014-05-05','14:17'),(4,230,2,'Unknown','2014-05-05','14:17'),(4,231,2,'Unknown','2014-05-05','14:17'),(4,232,2,'Unknown','2014-05-05','14:17'),(1,1,3,'Unknown','2014-05-05','14:20'),(1,2,3,'Unknown','2014-05-05','14:20'),(1,3,3,'Unknown','2014-05-05','14:20'),(1,4,3,'Unknown','2014-05-05','14:20'),(1,5,3,'Unknown','2014-05-05','14:20'),(1,6,3,'Unknown','2014-05-05','14:20'),(1,7,3,'Unknown','2014-05-05','14:20'),(1,8,3,'Unknown','2014-05-05','14:20'),(1,9,3,'Unknown','2014-05-05','14:20'),(1,10,3,'Unknown','2014-05-05','14:20'),(1,11,3,'Unknown','2014-05-05','14:20'),(1,12,3,'Unknown','2014-05-05','14:20'),(1,13,3,'Unknown','2014-05-05','14:20'),(1,14,3,'Unknown','2014-05-05','14:20'),(1,15,3,'Unknown','2014-05-05','14:20'),(1,16,3,'Unknown','2014-05-05','14:20'),(1,17,3,'Unknown','2014-05-05','14:20'),(1,18,3,'Unknown','2014-05-05','14:20'),(1,19,3,'Unknown','2014-05-05','14:20'),(1,20,3,'Unknown','2014-05-05','14:20'),(1,21,3,'Unknown','2014-05-05','14:20'),(1,22,3,'Unknown','2014-05-05','14:20'),(1,23,3,'Unknown','2014-05-05','14:20'),(1,24,3,'Unknown','2014-05-05','14:20'),(1,25,3,'Unknown','2014-05-05','14:20'),(1,26,3,'Unknown','2014-05-05','14:20'),(1,27,3,'Unknown','2014-05-05','14:20'),(1,28,3,'Unknown','2014-05-05','14:20'),(1,29,3,'Unknown','2014-05-05','14:20'),(1,30,3,'Unknown','2014-05-05','14:20'),(1,31,3,'Unknown','2014-05-05','14:20'),(1,32,3,'Unknown','2014-05-05','14:20'),(1,33,3,'Unknown','2014-05-05','14:20'),(1,34,3,'Unknown','2014-05-05','14:20'),(1,35,3,'Unknown','2014-05-05','14:20'),(1,36,3,'Unknown','2014-05-05','14:20'),(1,37,3,'Unknown','2014-05-05','14:20'),(1,38,3,'Unknown','2014-05-05','14:20'),(1,39,3,'Unknown','2014-05-05','14:20'),(1,40,3,'Unknown','2014-05-05','14:20'),(1,41,3,'Unknown','2014-05-05','14:20'),(1,42,3,'Unknown','2014-05-05','14:20'),(1,43,3,'Unknown','2014-05-05','14:20'),(1,44,3,'Unknown','2014-05-05','14:20'),(1,45,3,'Unknown','2014-05-05','14:20'),(1,46,3,'Unknown','2014-05-05','14:20'),(1,47,3,'Unknown','2014-05-05','14:20'),(1,48,3,'Unknown','2014-05-05','14:20'),(1,49,3,'Unknown','2014-05-05','14:20'),(1,50,3,'Unknown','2014-05-05','14:20'),(1,51,3,'Unknown','2014-05-05','14:20'),(1,52,3,'Unknown','2014-05-05','14:20'),(1,53,3,'Unknown','2014-05-05','14:20'),(1,54,3,'Unknown','2014-05-05','14:20'),(1,55,3,'Unknown','2014-05-05','14:20'),(1,56,3,'Unknown','2014-05-05','14:20'),(1,57,3,'Unknown','2014-05-05','14:20'),(1,58,3,'Unknown','2014-05-05','14:20'),(1,59,3,'Unknown','2014-05-05','14:20'),(1,60,3,'Unknown','2014-05-05','14:20'),(1,61,3,'Unknown','2014-05-05','14:20'),(1,62,3,'Unknown','2014-05-05','14:20'),(1,63,3,'Unknown','2014-05-05','14:20'),(1,64,3,'Unknown','2014-05-05','14:20'),(1,65,3,'Unknown','2014-05-05','14:20'),(1,66,3,'Unknown','2014-05-05','14:20'),(1,67,3,'Unknown','2014-05-05','14:20'),(1,68,3,'Unknown','2014-05-05','14:20'),(1,69,3,'Unknown','2014-05-05','14:20'),(1,70,3,'Unknown','2014-05-05','14:20'),(1,71,3,'Unknown','2014-05-05','14:20'),(1,72,3,'Unknown','2014-05-05','14:20'),(1,73,3,'Unknown','2014-05-05','14:20'),(1,74,3,'Unknown','2014-05-05','14:20'),(1,75,3,'Unknown','2014-05-05','14:20'),(1,76,3,'Unknown','2014-05-05','14:20'),(1,77,3,'Unknown','2014-05-05','14:20'),(4,194,2,'Very High','2014-05-05','14:21'),(4,195,2,'Very High','2014-05-05','14:21'),(4,196,2,'Very High','2014-05-05','14:21'),(4,197,2,'Very High','2014-05-05','14:21'),(4,198,2,'Unknown','2014-05-05','14:21'),(4,199,2,'Unknown','2014-05-05','14:21'),(4,200,2,'Unknown','2014-05-05','14:21'),(4,201,2,'Unknown','2014-05-05','14:21'),(4,202,2,'Unknown','2014-05-05','14:21'),(4,203,2,'Unknown','2014-05-05','14:21'),(4,204,2,'Unknown','2014-05-05','14:21'),(4,205,2,'Unknown','2014-05-05','14:21'),(4,206,2,'Unknown','2014-05-05','14:21'),(4,207,2,'Unknown','2014-05-05','14:21'),(4,208,2,'Unknown','2014-05-05','14:21'),(4,209,2,'Unknown','2014-05-05','14:21'),(4,210,2,'Unknown','2014-05-05','14:21'),(4,211,2,'Unknown','2014-05-05','14:21'),(4,212,2,'Unknown','2014-05-05','14:21'),(4,213,2,'Unknown','2014-05-05','14:21'),(4,214,2,'Unknown','2014-05-05','14:21'),(4,215,2,'Unknown','2014-05-05','14:21'),(4,216,2,'Unknown','2014-05-05','14:21'),(4,217,2,'Unknown','2014-05-05','14:21'),(4,218,2,'Unknown','2014-05-05','14:21'),(4,219,2,'Unknown','2014-05-05','14:21'),(4,220,2,'Unknown','2014-05-05','14:21'),(4,221,2,'Unknown','2014-05-05','14:21'),(4,222,2,'Unknown','2014-05-05','14:21'),(4,223,2,'Very High','2014-05-05','14:21'),(4,224,2,'Very High','2014-05-05','14:21'),(4,225,2,'Very High','2014-05-05','14:21'),(4,226,2,'Very High','2014-05-05','14:21'),(4,227,2,'Unknown','2014-05-05','14:21'),(4,228,2,'Unknown','2014-05-05','14:21'),(4,229,2,'Unknown','2014-05-05','14:21'),(4,230,2,'Unknown','2014-05-05','14:21'),(4,231,2,'Unknown','2014-05-05','14:21'),(4,232,2,'Unknown','2014-05-05','14:21'),(4,194,2,'Unknown','2014-05-05','15:21'),(4,195,2,'Unknown','2014-05-05','15:21'),(4,196,2,'Unknown','2014-05-05','15:21'),(4,197,2,'Unknown','2014-05-05','15:21'),(4,198,2,'Unknown','2014-05-05','15:21'),(4,199,2,'Unknown','2014-05-05','15:21'),(4,200,2,'Unknown','2014-05-05','15:21'),(4,201,2,'Unknown','2014-05-05','15:21'),(4,202,2,'Unknown','2014-05-05','15:21'),(4,203,2,'Unknown','2014-05-05','15:21'),(4,204,2,'Unknown','2014-05-05','15:21'),(4,205,2,'Unknown','2014-05-05','15:21'),(4,206,2,'Unknown','2014-05-05','15:21'),(4,207,2,'Unknown','2014-05-05','15:21'),(4,208,2,'Unknown','2014-05-05','15:21'),(4,209,2,'Unknown','2014-05-05','15:21'),(4,210,2,'Unknown','2014-05-05','15:21'),(4,211,2,'Unknown','2014-05-05','15:21'),(4,212,2,'Unknown','2014-05-05','15:21'),(4,213,2,'Unknown','2014-05-05','15:21'),(4,214,2,'Unknown','2014-05-05','15:21'),(4,215,2,'Unknown','2014-05-05','15:21'),(4,216,2,'Unknown','2014-05-05','15:21'),(4,217,2,'Unknown','2014-05-05','15:21'),(4,218,2,'Unknown','2014-05-05','15:21'),(4,219,2,'Unknown','2014-05-05','15:21'),(4,220,2,'Unknown','2014-05-05','15:21'),(4,221,2,'Unknown','2014-05-05','15:21'),(4,222,2,'Unknown','2014-05-05','15:21'),(4,223,2,'Unknown','2014-05-05','15:21'),(4,224,2,'Unknown','2014-05-05','15:21'),(4,225,2,'Unknown','2014-05-05','15:21'),(4,226,2,'Unknown','2014-05-05','15:21'),(4,227,2,'Unknown','2014-05-05','15:21'),(4,228,2,'Unknown','2014-05-05','15:21'),(4,229,2,'Unknown','2014-05-05','15:21'),(4,230,2,'Unknown','2014-05-05','15:21'),(4,231,2,'Unknown','2014-05-05','15:21'),(4,232,2,'Unknown','2014-05-05','15:21'),(3,117,4,'Unknown','2014-05-05','17:32'),(3,118,4,'Unknown','2014-05-05','17:32'),(3,119,4,'Unknown','2014-05-05','17:32'),(3,120,4,'Unknown','2014-05-05','17:32'),(3,121,4,'Unknown','2014-05-05','17:32'),(3,122,4,'Unknown','2014-05-05','17:32'),(3,123,4,'Unknown','2014-05-05','17:32'),(3,124,4,'Unknown','2014-05-05','17:32'),(3,125,4,'Unknown','2014-05-05','17:32'),(3,126,4,'Unknown','2014-05-05','17:32'),(3,127,4,'Unknown','2014-05-05','17:32'),(3,128,4,'Unknown','2014-05-05','17:32'),(3,129,4,'Unknown','2014-05-05','17:32'),(3,130,4,'Unknown','2014-05-05','17:32'),(3,131,4,'Unknown','2014-05-05','17:32'),(3,132,4,'Unknown','2014-05-05','17:32'),(3,133,4,'Unknown','2014-05-05','17:32'),(3,134,4,'Unknown','2014-05-05','17:32'),(3,135,4,'Unknown','2014-05-05','17:32'),(3,136,4,'Unknown','2014-05-05','17:32'),(3,137,4,'Unknown','2014-05-05','17:32'),(3,138,4,'Unknown','2014-05-05','17:32'),(3,139,4,'Unknown','2014-05-05','17:32'),(3,140,4,'Unknown','2014-05-05','17:32'),(3,141,4,'Unknown','2014-05-05','17:32'),(3,142,4,'Unknown','2014-05-05','17:32'),(3,143,4,'Unknown','2014-05-05','17:32'),(3,144,4,'Unknown','2014-05-05','17:32'),(3,145,4,'Unknown','2014-05-05','17:32'),(3,146,4,'Unknown','2014-05-05','17:32'),(3,147,4,'Unknown','2014-05-05','17:32'),(3,148,4,'Unknown','2014-05-05','17:32'),(3,149,4,'Unknown','2014-05-05','17:32'),(3,150,4,'Unknown','2014-05-05','17:32'),(3,151,4,'Unknown','2014-05-05','17:32'),(3,152,4,'Unknown','2014-05-05','17:32'),(3,153,4,'Unknown','2014-05-05','17:32'),(3,154,4,'Unknown','2014-05-05','17:32'),(3,155,4,'Unknown','2014-05-05','17:32'),(3,156,4,'Unknown','2014-05-05','17:32'),(3,157,4,'Unknown','2014-05-05','17:32'),(3,158,4,'Unknown','2014-05-05','17:32'),(3,159,4,'Unknown','2014-05-05','17:32'),(3,160,4,'Unknown','2014-05-05','17:32'),(3,161,4,'Unknown','2014-05-05','17:32'),(3,162,4,'Unknown','2014-05-05','17:32'),(3,163,4,'Unknown','2014-05-05','17:32'),(3,164,4,'Unknown','2014-05-05','17:32'),(3,165,4,'Unknown','2014-05-05','17:32'),(3,166,4,'Unknown','2014-05-05','17:32'),(3,167,4,'Unknown','2014-05-05','17:32'),(3,168,4,'Unknown','2014-05-05','17:32'),(3,169,4,'Unknown','2014-05-05','17:32'),(3,170,4,'Unknown','2014-05-05','17:32'),(3,171,4,'Unknown','2014-05-05','17:32'),(3,172,4,'Unknown','2014-05-05','17:32'),(3,173,4,'Unknown','2014-05-05','17:32'),(3,174,4,'Unknown','2014-05-05','17:32'),(3,175,4,'Unknown','2014-05-05','17:32'),(3,176,4,'Unknown','2014-05-05','17:32'),(3,177,4,'Unknown','2014-05-05','17:32'),(3,178,4,'Unknown','2014-05-05','17:32'),(3,179,4,'Unknown','2014-05-05','17:32'),(3,180,4,'Unknown','2014-05-05','17:32'),(3,181,4,'Unknown','2014-05-05','17:32'),(3,182,4,'Unknown','2014-05-05','17:32'),(3,183,4,'Unknown','2014-05-05','17:32'),(3,184,4,'Unknown','2014-05-05','17:32'),(3,185,4,'Unknown','2014-05-05','17:32'),(3,186,4,'Unknown','2014-05-05','17:32'),(3,187,4,'Unknown','2014-05-05','17:32'),(3,188,4,'Unknown','2014-05-05','17:32'),(3,189,4,'Unknown','2014-05-05','17:32'),(3,190,4,'Unknown','2014-05-05','17:32'),(3,191,4,'Unknown','2014-05-05','17:32'),(3,192,4,'Unknown','2014-05-05','17:32'),(3,193,4,'Unknown','2014-05-05','17:32'),(4,194,2,'Unknown','2014-05-05','18:19'),(4,195,2,'Unknown','2014-05-05','18:19'),(4,196,2,'Unknown','2014-05-05','18:19'),(4,197,2,'Unknown','2014-05-05','18:19'),(4,198,2,'Unknown','2014-05-05','18:19'),(4,199,2,'Unknown','2014-05-05','18:19'),(4,200,2,'Unknown','2014-05-05','18:19'),(4,201,2,'Unknown','2014-05-05','18:19'),(4,202,2,'Unknown','2014-05-05','18:19'),(4,203,2,'Unknown','2014-05-05','18:19'),(4,204,2,'Unknown','2014-05-05','18:19'),(4,205,2,'Unknown','2014-05-05','18:19'),(4,206,2,'Unknown','2014-05-05','18:19'),(4,207,2,'Unknown','2014-05-05','18:19'),(4,208,2,'Unknown','2014-05-05','18:19'),(4,209,2,'Unknown','2014-05-05','18:19'),(4,210,2,'Unknown','2014-05-05','18:19'),(4,211,2,'Unknown','2014-05-05','18:19'),(4,212,2,'Unknown','2014-05-05','18:19'),(4,213,2,'Unknown','2014-05-05','18:19'),(4,214,2,'Unknown','2014-05-05','18:19'),(4,215,2,'Unknown','2014-05-05','18:19'),(4,216,2,'Unknown','2014-05-05','18:19'),(4,217,2,'Unknown','2014-05-05','18:19'),(4,218,2,'Unknown','2014-05-05','18:19'),(4,219,2,'Unknown','2014-05-05','18:19'),(4,220,2,'Unknown','2014-05-05','18:19'),(4,221,2,'Unknown','2014-05-05','18:19'),(4,222,2,'Unknown','2014-05-05','18:19'),(4,223,2,'Unknown','2014-05-05','18:19'),(4,224,2,'Unknown','2014-05-05','18:19'),(4,225,2,'Unknown','2014-05-05','18:19'),(4,226,2,'Unknown','2014-05-05','18:19'),(4,227,2,'Unknown','2014-05-05','18:19'),(4,228,2,'Unknown','2014-05-05','18:19'),(4,229,2,'Unknown','2014-05-05','18:19'),(4,230,2,'Unknown','2014-05-05','18:19'),(4,231,2,'Unknown','2014-05-05','18:19'),(4,232,2,'Unknown','2014-05-05','18:19'),(1,1,5,'Unknown','2014-05-05','18:31'),(1,2,5,'Unknown','2014-05-05','18:31'),(1,3,5,'Unknown','2014-05-05','18:31'),(1,4,5,'Unknown','2014-05-05','18:31'),(1,5,5,'Unknown','2014-05-05','18:31'),(1,6,5,'Unknown','2014-05-05','18:31'),(1,7,5,'Unknown','2014-05-05','18:31'),(1,8,5,'Unknown','2014-05-05','18:31'),(1,9,5,'Unknown','2014-05-05','18:31'),(1,10,5,'Unknown','2014-05-05','18:31'),(1,11,5,'Unknown','2014-05-05','18:31'),(1,12,5,'Unknown','2014-05-05','18:31'),(1,13,5,'Unknown','2014-05-05','18:31'),(1,14,5,'Unknown','2014-05-05','18:31'),(1,15,5,'Unknown','2014-05-05','18:31'),(1,16,5,'Unknown','2014-05-05','18:31'),(1,17,5,'Unknown','2014-05-05','18:31'),(1,18,5,'Unknown','2014-05-05','18:31'),(1,19,5,'Unknown','2014-05-05','18:31'),(1,20,5,'Unknown','2014-05-05','18:31'),(1,21,5,'Unknown','2014-05-05','18:31'),(1,22,5,'Unknown','2014-05-05','18:31'),(1,23,5,'Unknown','2014-05-05','18:31'),(1,24,5,'Unknown','2014-05-05','18:31'),(1,25,5,'Unknown','2014-05-05','18:31'),(1,26,5,'Unknown','2014-05-05','18:31'),(1,27,5,'Unknown','2014-05-05','18:31'),(1,28,5,'Unknown','2014-05-05','18:31'),(1,29,5,'Unknown','2014-05-05','18:31'),(1,30,5,'Unknown','2014-05-05','18:31'),(1,31,5,'Unknown','2014-05-05','18:31'),(1,32,5,'Unknown','2014-05-05','18:31'),(1,33,5,'Unknown','2014-05-05','18:31'),(1,34,5,'Unknown','2014-05-05','18:31'),(1,35,5,'Unknown','2014-05-05','18:31'),(1,36,5,'Unknown','2014-05-05','18:31'),(1,37,5,'Unknown','2014-05-05','18:31'),(1,38,5,'Unknown','2014-05-05','18:31'),(1,39,5,'Unknown','2014-05-05','18:31'),(1,40,5,'Unknown','2014-05-05','18:31'),(1,41,5,'Unknown','2014-05-05','18:31'),(1,42,5,'Unknown','2014-05-05','18:31'),(1,43,5,'Unknown','2014-05-05','18:31'),(1,44,5,'Unknown','2014-05-05','18:31'),(1,45,5,'Unknown','2014-05-05','18:31'),(1,46,5,'Unknown','2014-05-05','18:31'),(1,47,5,'Unknown','2014-05-05','18:31'),(1,48,5,'Unknown','2014-05-05','18:31'),(1,49,5,'Unknown','2014-05-05','18:31'),(1,50,5,'Unknown','2014-05-05','18:31'),(1,51,5,'Unknown','2014-05-05','18:31'),(1,52,5,'Unknown','2014-05-05','18:31'),(1,53,5,'Unknown','2014-05-05','18:31'),(1,54,5,'Unknown','2014-05-05','18:31'),(1,55,5,'Unknown','2014-05-05','18:31'),(1,56,5,'Unknown','2014-05-05','18:31'),(1,57,5,'Unknown','2014-05-05','18:31'),(1,58,5,'Unknown','2014-05-05','18:31'),(1,59,5,'Unknown','2014-05-05','18:31'),(1,60,5,'Unknown','2014-05-05','18:31'),(1,61,5,'Unknown','2014-05-05','18:31'),(1,62,5,'Unknown','2014-05-05','18:31'),(1,63,5,'Unknown','2014-05-05','18:31'),(1,64,5,'Unknown','2014-05-05','18:31'),(1,65,5,'Unknown','2014-05-05','18:31'),(1,66,5,'Unknown','2014-05-05','18:31'),(1,67,5,'Unknown','2014-05-05','18:31'),(1,68,5,'Unknown','2014-05-05','18:31'),(1,69,5,'Unknown','2014-05-05','18:31'),(1,70,5,'Unknown','2014-05-05','18:31'),(1,71,5,'Unknown','2014-05-05','18:31'),(1,72,5,'Unknown','2014-05-05','18:31'),(1,73,5,'Unknown','2014-05-05','18:31'),(1,74,5,'Unknown','2014-05-05','18:31'),(1,75,5,'Unknown','2014-05-05','18:31'),(1,76,5,'Unknown','2014-05-05','18:31'),(1,77,5,'Unknown','2014-05-05','18:31'),(4,194,2,'Unknown','2014-05-05','23:36'),(4,195,2,'Unknown','2014-05-05','23:36'),(4,196,2,'Unknown','2014-05-05','23:36'),(4,197,2,'Unknown','2014-05-05','23:36'),(4,198,2,'Unknown','2014-05-05','23:36'),(4,199,2,'Unknown','2014-05-05','23:36'),(4,200,2,'Unknown','2014-05-05','23:36'),(4,201,2,'Unknown','2014-05-05','23:36'),(4,202,2,'Unknown','2014-05-05','23:36'),(4,203,2,'Unknown','2014-05-05','23:36'),(4,204,2,'Unknown','2014-05-05','23:36'),(4,205,2,'Unknown','2014-05-05','23:36'),(4,206,2,'Unknown','2014-05-05','23:36'),(4,207,2,'Unknown','2014-05-05','23:36'),(4,208,2,'Unknown','2014-05-05','23:36'),(4,209,2,'Unknown','2014-05-05','23:36'),(4,210,2,'Unknown','2014-05-05','23:36'),(4,211,2,'Unknown','2014-05-05','23:36'),(4,212,2,'Unknown','2014-05-05','23:36'),(4,213,2,'Unknown','2014-05-05','23:36'),(4,214,2,'Unknown','2014-05-05','23:36'),(4,215,2,'Unknown','2014-05-05','23:36'),(4,216,2,'Unknown','2014-05-05','23:36'),(4,217,2,'Unknown','2014-05-05','23:36'),(4,218,2,'Unknown','2014-05-05','23:36'),(4,219,2,'Unknown','2014-05-05','23:36'),(4,220,2,'Unknown','2014-05-05','23:36'),(4,221,2,'Unknown','2014-05-05','23:36'),(4,222,2,'Unknown','2014-05-05','23:36'),(4,223,2,'Very High','2014-05-05','23:36'),(4,224,2,'High','2014-05-05','23:36'),(4,225,2,'Unknown','2014-05-05','23:36'),(4,226,2,'Unknown','2014-05-05','23:36'),(4,227,2,'Unknown','2014-05-05','23:36'),(4,228,2,'Unknown','2014-05-05','23:36'),(4,229,2,'Unknown','2014-05-05','23:36'),(4,230,2,'Unknown','2014-05-05','23:36'),(4,231,2,'Unknown','2014-05-05','23:36'),(4,232,2,'Unknown','2014-05-05','23:36'),(2,78,6,'Unknown','2014-05-06','00:24'),(2,79,6,'Unknown','2014-05-06','00:24'),(2,80,6,'Unknown','2014-05-06','00:24'),(2,81,6,'Unknown','2014-05-06','00:24'),(2,82,6,'Unknown','2014-05-06','00:24'),(2,83,6,'Unknown','2014-05-06','00:24'),(2,84,6,'Unknown','2014-05-06','00:24'),(2,85,6,'Unknown','2014-05-06','00:24'),(2,86,6,'Unknown','2014-05-06','00:24'),(2,87,6,'Unknown','2014-05-06','00:24'),(2,88,6,'Unknown','2014-05-06','00:24'),(2,89,6,'Unknown','2014-05-06','00:24'),(2,90,6,'Unknown','2014-05-06','00:24'),(2,91,6,'Unknown','2014-05-06','00:24'),(2,92,6,'Unknown','2014-05-06','00:24'),(2,93,6,'Unknown','2014-05-06','00:24'),(2,94,6,'Unknown','2014-05-06','00:24'),(2,95,6,'Unknown','2014-05-06','00:24'),(2,96,6,'Unknown','2014-05-06','00:24'),(2,97,6,'Unknown','2014-05-06','00:24'),(2,98,6,'Unknown','2014-05-06','00:24'),(2,99,6,'Unknown','2014-05-06','00:24'),(2,100,6,'Unknown','2014-05-06','00:24'),(2,101,6,'Unknown','2014-05-06','00:24'),(2,102,6,'Unknown','2014-05-06','00:24'),(2,103,6,'Unknown','2014-05-06','00:24'),(2,104,6,'Unknown','2014-05-06','00:24'),(2,105,6,'Unknown','2014-05-06','00:24'),(2,106,6,'Unknown','2014-05-06','00:24'),(2,107,6,'Unknown','2014-05-06','00:24'),(2,108,6,'Unknown','2014-05-06','00:24'),(2,109,6,'Unknown','2014-05-06','00:24'),(2,110,6,'Unknown','2014-05-06','00:24'),(2,111,6,'Unknown','2014-05-06','00:24'),(2,112,6,'Unknown','2014-05-06','00:24'),(2,113,6,'Unknown','2014-05-06','00:24'),(2,114,6,'Unknown','2014-05-06','00:24'),(2,115,6,'Unknown','2014-05-06','00:24'),(2,116,6,'Unknown','2014-05-06','00:24'),(1,1,7,'Unknown','2014-05-10','21:13'),(1,2,7,'Unknown','2014-05-10','21:13'),(1,3,7,'Unknown','2014-05-10','21:13'),(1,4,7,'Unknown','2014-05-10','21:13'),(1,5,7,'Unknown','2014-05-10','21:13'),(1,6,7,'Unknown','2014-05-10','21:13'),(1,7,7,'Unknown','2014-05-10','21:13'),(1,8,7,'Unknown','2014-05-10','21:13'),(1,9,7,'Unknown','2014-05-10','21:13'),(1,10,7,'Unknown','2014-05-10','21:13'),(1,11,7,'Unknown','2014-05-10','21:13'),(1,12,7,'Unknown','2014-05-10','21:13'),(1,13,7,'Unknown','2014-05-10','21:13'),(1,14,7,'Unknown','2014-05-10','21:13'),(1,15,7,'Unknown','2014-05-10','21:13'),(1,16,7,'Unknown','2014-05-10','21:13'),(1,17,7,'Unknown','2014-05-10','21:13'),(1,18,7,'Unknown','2014-05-10','21:13'),(1,19,7,'Unknown','2014-05-10','21:13'),(1,20,7,'Unknown','2014-05-10','21:13'),(1,21,7,'Unknown','2014-05-10','21:13'),(1,22,7,'Unknown','2014-05-10','21:13'),(1,23,7,'Unknown','2014-05-10','21:13'),(1,24,7,'Unknown','2014-05-10','21:13'),(1,25,7,'Unknown','2014-05-10','21:13'),(1,26,7,'Unknown','2014-05-10','21:13'),(1,27,7,'Unknown','2014-05-10','21:13'),(1,28,7,'Unknown','2014-05-10','21:13'),(1,29,7,'Unknown','2014-05-10','21:13'),(1,30,7,'Unknown','2014-05-10','21:13'),(1,31,7,'Unknown','2014-05-10','21:13'),(1,32,7,'Unknown','2014-05-10','21:13'),(1,33,7,'Unknown','2014-05-10','21:13'),(1,34,7,'Unknown','2014-05-10','21:13'),(1,35,7,'Unknown','2014-05-10','21:13'),(1,36,7,'Unknown','2014-05-10','21:13'),(1,37,7,'Unknown','2014-05-10','21:13'),(1,38,7,'Unknown','2014-05-10','21:13'),(1,39,7,'Unknown','2014-05-10','21:13'),(1,40,7,'Unknown','2014-05-10','21:13'),(1,41,7,'Unknown','2014-05-10','21:13'),(1,42,7,'Unknown','2014-05-10','21:13'),(1,43,7,'Unknown','2014-05-10','21:13'),(1,44,7,'Unknown','2014-05-10','21:13'),(1,45,7,'Unknown','2014-05-10','21:13'),(1,46,7,'Unknown','2014-05-10','21:13'),(1,47,7,'Unknown','2014-05-10','21:13'),(1,48,7,'Unknown','2014-05-10','21:13'),(1,49,7,'Unknown','2014-05-10','21:13'),(1,50,7,'Unknown','2014-05-10','21:13'),(1,51,7,'Unknown','2014-05-10','21:13'),(1,52,7,'Unknown','2014-05-10','21:13'),(1,53,7,'Unknown','2014-05-10','21:13'),(1,54,7,'Unknown','2014-05-10','21:13'),(1,55,7,'Unknown','2014-05-10','21:13'),(1,56,7,'Unknown','2014-05-10','21:13'),(1,57,7,'Unknown','2014-05-10','21:13'),(1,58,7,'Very High','2014-05-10','21:13'),(1,59,7,'Few','2014-05-10','21:13'),(1,60,7,'Very High','2014-05-10','21:13'),(1,61,7,'Very Few','2014-05-10','21:13'),(1,62,7,'Unknown','2014-05-10','21:13'),(1,63,7,'Not Applicable','2014-05-10','21:13'),(1,64,7,'Very High','2014-05-10','21:13'),(1,65,7,'Unknown','2014-05-10','21:13'),(1,66,7,'Unknown','2014-05-10','21:13'),(1,67,7,'Unknown','2014-05-10','21:13'),(1,68,7,'Unknown','2014-05-10','21:13'),(1,69,7,'Unknown','2014-05-10','21:13'),(1,70,7,'Unknown','2014-05-10','21:13'),(1,71,7,'Unknown','2014-05-10','21:13'),(1,72,7,'Unknown','2014-05-10','21:13'),(1,73,7,'Unknown','2014-05-10','21:13'),(1,74,7,'Unknown','2014-05-10','21:13'),(1,75,7,'Unknown','2014-05-10','21:13'),(1,76,7,'Unknown','2014-05-10','21:13'),(1,77,7,'Unknown','2014-05-10','21:13'),(1,1,7,'Medium','2014-05-10','22:26'),(1,2,7,'Medium','2014-05-10','22:26'),(1,3,7,'High','2014-05-10','22:26'),(1,4,7,'Medium','2014-05-10','22:26'),(1,5,7,'High','2014-05-10','22:26'),(1,6,7,'High','2014-05-10','22:26'),(1,7,7,'Medium','2014-05-10','22:26'),(1,8,7,'Unknown','2014-05-10','22:26'),(1,9,7,'Unknown','2014-05-10','22:26'),(1,10,7,'Very High','2014-05-10','22:26'),(1,11,7,'Very High','2014-05-10','22:26'),(1,12,7,'Medium','2014-05-10','22:26'),(1,13,7,'Unknown','2014-05-10','22:26'),(1,14,7,'Unknown','2014-05-10','22:26'),(1,15,7,'Medium','2014-05-10','22:26'),(1,16,7,'Medium','2014-05-10','22:26'),(1,17,7,'Very High','2014-05-10','22:26'),(1,18,7,'Very High','2014-05-10','22:26'),(1,19,7,'Very High','2014-05-10','22:26'),(1,20,7,'Very High','2014-05-10','22:26'),(1,21,7,'Unknown','2014-05-10','22:26'),(1,22,7,'Unknown','2014-05-10','22:26'),(1,23,7,'Very High','2014-05-10','22:26'),(1,24,7,'Not Applicable','2014-05-10','22:26'),(1,25,7,'Unknown','2014-05-10','22:26'),(1,26,7,'Very High','2014-05-10','22:26'),(1,27,7,'Very High','2014-05-10','22:26'),(1,28,7,'Unknown','2014-05-10','22:26'),(1,29,7,'High','2014-05-10','22:26'),(1,30,7,'Very High','2014-05-10','22:26'),(1,31,7,'Unknown','2014-05-10','22:26'),(1,32,7,'Very High','2014-05-10','22:26'),(1,33,7,'Unknown','2014-05-10','22:26'),(1,34,7,'Unknown','2014-05-10','22:26'),(1,35,7,'Unknown','2014-05-10','22:26'),(1,36,7,'Very High','2014-05-10','22:26'),(1,37,7,'Very High','2014-05-10','22:26'),(1,38,7,'Medium','2014-05-10','22:26'),(1,39,7,'Unknown','2014-05-10','22:26'),(1,40,7,'High','2014-05-10','22:26'),(1,41,7,'Medium','2014-05-10','22:26'),(1,42,7,'High','2014-05-10','22:26'),(1,43,7,'Unknown','2014-05-10','22:26'),(1,44,7,'Very High','2014-05-10','22:26'),(1,45,7,'Unknown','2014-05-10','22:26'),(1,46,7,'Very High','2014-05-10','22:26'),(1,47,7,'Very High','2014-05-10','22:26'),(1,48,7,'Very High','2014-05-10','22:26'),(1,49,7,'Very High','2014-05-10','22:26'),(1,50,7,'Medium','2014-05-10','22:26'),(1,51,7,'High','2014-05-10','22:26'),(1,52,7,'Very High','2014-05-10','22:26'),(1,53,7,'High','2014-05-10','22:26'),(1,54,7,'Unknown','2014-05-10','22:26'),(1,55,7,'High','2014-05-10','22:26'),(1,56,7,'High','2014-05-10','22:26'),(1,57,7,'Very High','2014-05-10','22:26'),(1,58,7,'Very High','2014-05-10','22:26'),(1,59,7,'Few','2014-05-10','22:26'),(1,60,7,'Very High','2014-05-10','22:26'),(1,61,7,'Very Few','2014-05-10','22:26'),(1,62,7,'Unknown','2014-05-10','22:26'),(1,63,7,'Not Applicable','2014-05-10','22:26'),(1,64,7,'Very High','2014-05-10','22:26'),(1,65,7,'Medium','2014-05-10','22:26'),(1,66,7,'Unknown','2014-05-10','22:26'),(1,67,7,'Medium','2014-05-10','22:26'),(1,68,7,'Very High','2014-05-10','22:26'),(1,69,7,'Very High','2014-05-10','22:26'),(1,70,7,'Unknown','2014-05-10','22:26'),(1,71,7,'Unknown','2014-05-10','22:26'),(1,72,7,'Very High','2014-05-10','22:26'),(1,73,7,'Very High','2014-05-10','22:26'),(1,74,7,'Very High','2014-05-10','22:26'),(1,75,7,'Very High','2014-05-10','22:26'),(1,76,7,'Very High','2014-05-10','22:26'),(1,77,7,'Not Applicable','2014-05-10','22:26'),(3,117,7,'Medium','2014-05-10','22:36'),(3,118,7,'Medium','2014-05-10','22:36'),(3,119,7,'High','2014-05-10','22:36'),(3,120,7,'Medium','2014-05-10','22:36'),(3,121,7,'High','2014-05-10','22:36'),(3,122,7,'High','2014-05-10','22:36'),(3,123,7,'Medium','2014-05-10','22:36'),(3,124,7,'Unknown','2014-05-10','22:36'),(3,125,7,'Unknown','2014-05-10','22:36'),(3,126,7,'Very High','2014-05-10','22:36'),(3,127,7,'Very High','2014-05-10','22:36'),(3,128,7,'Medium','2014-05-10','22:36'),(3,129,7,'Unknown','2014-05-10','22:36'),(3,130,7,'Unknown','2014-05-10','22:36'),(3,131,7,'Medium','2014-05-10','22:36'),(3,132,7,'Medium','2014-05-10','22:36'),(3,133,7,'Very High','2014-05-10','22:36'),(3,134,7,'Very High','2014-05-10','22:36'),(3,135,7,'Very High','2014-05-10','22:36'),(3,136,7,'Very High','2014-05-10','22:36'),(3,137,7,'Unknown','2014-05-10','22:36'),(3,138,7,'Unknown','2014-05-10','22:36'),(3,139,7,'Very High','2014-05-10','22:36'),(3,140,7,'Not Applicable','2014-05-10','22:36'),(3,141,7,'Unknown','2014-05-10','22:36'),(3,142,7,'Very High','2014-05-10','22:36'),(3,143,7,'Very High','2014-05-10','22:36'),(3,144,7,'Unknown','2014-05-10','22:36'),(3,145,7,'High','2014-05-10','22:36'),(3,146,7,'Very High','2014-05-10','22:36'),(3,147,7,'Unknown','2014-05-10','22:36'),(3,148,7,'Very High','2014-05-10','22:36'),(3,149,7,'Unknown','2014-05-10','22:36'),(3,150,7,'Unknown','2014-05-10','22:36'),(3,151,7,'Unknown','2014-05-10','22:36'),(3,152,7,'Very High','2014-05-10','22:36'),(3,153,7,'Very High','2014-05-10','22:36'),(3,154,7,'Medium','2014-05-10','22:36'),(3,155,7,'Unknown','2014-05-10','22:36'),(3,156,7,'High','2014-05-10','22:36'),(3,157,7,'Medium','2014-05-10','22:36'),(3,158,7,'High','2014-05-10','22:36'),(3,159,7,'Unknown','2014-05-10','22:36'),(3,160,7,'Very High','2014-05-10','22:36'),(3,161,7,'Unknown','2014-05-10','22:36'),(3,162,7,'Very High','2014-05-10','22:36'),(3,163,7,'Very High','2014-05-10','22:36'),(3,164,7,'Very High','2014-05-10','22:36'),(3,165,7,'Very High','2014-05-10','22:36'),(3,166,7,'Medium','2014-05-10','22:36'),(3,167,7,'High','2014-05-10','22:36'),(3,168,7,'Very High','2014-05-10','22:36'),(3,169,7,'High','2014-05-10','22:36'),(3,170,7,'Unknown','2014-05-10','22:36'),(3,171,7,'High','2014-05-10','22:36'),(3,172,7,'High','2014-05-10','22:36'),(3,173,7,'Very High','2014-05-10','22:36'),(3,174,7,'Very High','2014-05-10','22:36'),(3,175,7,'Few','2014-05-10','22:36'),(3,176,7,'Very High','2014-05-10','22:36'),(3,177,7,'Very Few','2014-05-10','22:36'),(3,178,7,'Unknown','2014-05-10','22:36'),(3,179,7,'Not Applicable','2014-05-10','22:36'),(3,180,7,'Very High','2014-05-10','22:36'),(3,181,7,'Medium','2014-05-10','22:36'),(3,182,7,'Unknown','2014-05-10','22:36'),(3,183,7,'Medium','2014-05-10','22:36'),(3,184,7,'Very High','2014-05-10','22:36'),(3,185,7,'Very High','2014-05-10','22:36'),(3,186,7,'Unknown','2014-05-10','22:36'),(3,187,7,'Unknown','2014-05-10','22:36'),(3,188,7,'Very High','2014-05-10','22:36'),(3,189,7,'Very High','2014-05-10','22:36'),(3,190,7,'Very High','2014-05-10','22:36'),(3,191,7,'Very High','2014-05-10','22:36'),(3,192,7,'Very High','2014-05-10','22:36'),(3,193,7,'Not Applicable','2014-05-10','22:36'),(2,78,8,'Medium','2014-05-13','16:39'),(2,79,8,'Medium','2014-05-13','16:39'),(2,80,8,'Medium','2014-05-13','16:39'),(2,81,8,'High','2014-05-13','16:39'),(2,82,8,'Unknown','2014-05-13','16:39'),(2,83,8,'Unknown','2014-05-13','16:39'),(2,84,8,'Very High','2014-05-13','16:39'),(2,85,8,'Unknown','2014-05-13','16:39'),(2,86,8,'Unknown','2014-05-13','16:39'),(2,87,8,'Medium','2014-05-13','16:39'),(2,88,8,'Unknown','2014-05-13','16:39'),(2,89,8,'Unknown','2014-05-13','16:39'),(2,90,8,'High','2014-05-13','16:39'),(2,91,8,'Unknown','2014-05-13','16:39'),(2,92,8,'Very High','2014-05-13','16:39'),(2,93,8,'Very High','2014-05-13','16:39'),(2,94,8,'Very High','2014-05-13','16:39'),(2,95,8,'High','2014-05-13','16:39'),(2,96,8,'Unknown','2014-05-13','16:39'),(2,97,8,'Very High','2014-05-13','16:39'),(2,98,8,'Unknown','2014-05-13','16:39'),(2,99,8,'Very High','2014-05-13','16:39'),(2,100,8,'Very High','2014-05-13','16:39'),(2,101,8,'Very High','2014-05-13','16:39'),(2,102,8,'Very High','2014-05-13','16:39'),(2,103,8,'Medium','2014-05-13','16:39'),(2,104,8,'High','2014-05-13','16:39'),(2,105,8,'High','2014-05-13','16:39'),(2,106,8,'High','2014-05-13','16:39'),(2,107,8,'Very High','2014-05-13','16:39'),(2,108,8,'Very Few','2014-05-13','16:39'),(2,109,8,'Not Applicable','2014-05-13','16:39'),(2,110,8,'Very High','2014-05-13','16:39'),(2,111,8,'Medium','2014-05-13','16:39'),(2,112,8,'Medium','2014-05-13','16:39'),(2,113,8,'Very High','2014-05-13','16:39'),(2,114,8,'Unknown','2014-05-13','16:39'),(2,115,8,'Very High','2014-05-13','16:39'),(2,116,8,'Very High','2014-05-13','16:39'),(1,1,7,'Medium','2014-06-04','12:59'),(1,2,7,'Medium','2014-06-04','12:59'),(1,3,7,'High','2014-06-04','12:59'),(1,4,7,'Medium','2014-06-04','12:59'),(1,5,7,'High','2014-06-04','12:59'),(1,6,7,'High','2014-06-04','12:59'),(1,7,7,'Medium','2014-06-04','12:59'),(1,8,7,'Unknown','2014-06-04','12:59'),(1,9,7,'Unknown','2014-06-04','12:59'),(1,10,7,'Very High','2014-06-04','12:59'),(1,11,7,'Very High','2014-06-04','12:59'),(1,12,7,'Medium','2014-06-04','12:59'),(1,13,7,'Unknown','2014-06-04','12:59'),(1,14,7,'Unknown','2014-06-04','12:59'),(1,15,7,'Medium','2014-06-04','12:59'),(1,16,7,'Medium','2014-06-04','12:59'),(1,17,7,'Very High','2014-06-04','12:59'),(1,18,7,'Very High','2014-06-04','12:59'),(1,19,7,'Very High','2014-06-04','12:59'),(1,20,7,'Very High','2014-06-04','12:59'),(1,21,7,'Unknown','2014-06-04','12:59'),(1,22,7,'Unknown','2014-06-04','12:59'),(1,23,7,'Very High','2014-06-04','12:59'),(1,24,7,'Not Applicable','2014-06-04','12:59'),(1,25,7,'Unknown','2014-06-04','12:59'),(1,26,7,'Very High','2014-06-04','12:59'),(1,27,7,'Very High','2014-06-04','12:59'),(1,28,7,'Unknown','2014-06-04','12:59'),(1,29,7,'High','2014-06-04','12:59'),(1,30,7,'Very High','2014-06-04','12:59'),(1,31,7,'Unknown','2014-06-04','12:59'),(1,32,7,'Very High','2014-06-04','12:59'),(1,33,7,'Unknown','2014-06-04','12:59'),(1,34,7,'Unknown','2014-06-04','12:59'),(1,35,7,'Unknown','2014-06-04','12:59'),(1,36,7,'Very High','2014-06-04','12:59'),(1,37,7,'Very High','2014-06-04','12:59'),(1,38,7,'Medium','2014-06-04','12:59'),(1,39,7,'Unknown','2014-06-04','12:59'),(1,40,7,'High','2014-06-04','12:59'),(1,41,7,'Medium','2014-06-04','12:59'),(1,42,7,'High','2014-06-04','12:59'),(1,43,7,'Unknown','2014-06-04','12:59'),(1,44,7,'Very High','2014-06-04','12:59'),(1,45,7,'Unknown','2014-06-04','12:59'),(1,46,7,'Very High','2014-06-04','12:59'),(1,47,7,'Very High','2014-06-04','12:59'),(1,48,7,'Very High','2014-06-04','12:59'),(1,49,7,'Very High','2014-06-04','12:59'),(1,50,7,'Medium','2014-06-04','12:59'),(1,51,7,'High','2014-06-04','12:59'),(1,52,7,'Very High','2014-06-04','12:59'),(1,53,7,'High','2014-06-04','12:59'),(1,54,7,'Unknown','2014-06-04','12:59'),(1,55,7,'High','2014-06-04','12:59'),(1,56,7,'High','2014-06-04','12:59'),(1,57,7,'Very High','2014-06-04','12:59'),(1,58,7,'Very High','2014-06-04','12:59'),(1,59,7,'Few','2014-06-04','12:59'),(1,60,7,'Very High','2014-06-04','12:59'),(1,61,7,'Very Few','2014-06-04','12:59'),(1,62,7,'Unknown','2014-06-04','12:59'),(1,63,7,'Very Few','2014-06-04','12:59'),(1,64,7,'Very High','2014-06-04','12:59'),(1,65,7,'Medium','2014-06-04','12:59'),(1,66,7,'Unknown','2014-06-04','12:59'),(1,67,7,'Medium','2014-06-04','12:59'),(1,68,7,'Very High','2014-06-04','12:59'),(1,69,7,'Very High','2014-06-04','12:59'),(1,70,7,'Unknown','2014-06-04','12:59'),(1,71,7,'Unknown','2014-06-04','12:59'),(1,72,7,'Very High','2014-06-04','12:59'),(1,73,7,'Very High','2014-06-04','12:59'),(1,74,7,'Very High','2014-06-04','12:59'),(1,75,7,'Very High','2014-06-04','12:59'),(1,76,7,'Very High','2014-06-04','12:59'),(1,77,7,'Not Applicable','2014-06-04','12:59'),(1,1,7,'Medium','2014-06-04','19:29'),(1,2,7,'Medium','2014-06-04','19:29'),(1,3,7,'High','2014-06-04','19:29'),(1,4,7,'Medium','2014-06-04','19:29'),(1,5,7,'High','2014-06-04','19:29'),(1,6,7,'High','2014-06-04','19:29'),(1,7,7,'Medium','2014-06-04','19:29'),(1,8,7,'Unknown','2014-06-04','19:29'),(1,9,7,'Unknown','2014-06-04','19:29'),(1,10,7,'Very High','2014-06-04','19:29'),(1,11,7,'Very High','2014-06-04','19:29'),(1,12,7,'Medium','2014-06-04','19:29'),(1,13,7,'Unknown','2014-06-04','19:29'),(1,14,7,'Unknown','2014-06-04','19:29'),(1,15,7,'Medium','2014-06-04','19:29'),(1,16,7,'Medium','2014-06-04','19:29'),(1,17,7,'Very High','2014-06-04','19:29'),(1,18,7,'Very High','2014-06-04','19:29'),(1,19,7,'Very High','2014-06-04','19:29'),(1,20,7,'Very High','2014-06-04','19:29'),(1,21,7,'Unknown','2014-06-04','19:29'),(1,22,7,'Unknown','2014-06-04','19:29'),(1,23,7,'Very High','2014-06-04','19:29'),(1,24,7,'Not Applicable','2014-06-04','19:29'),(1,25,7,'Unknown','2014-06-04','19:29'),(1,26,7,'Very High','2014-06-04','19:29'),(1,27,7,'Very High','2014-06-04','19:29'),(1,28,7,'Unknown','2014-06-04','19:29'),(1,29,7,'High','2014-06-04','19:29'),(1,30,7,'Very High','2014-06-04','19:29'),(1,31,7,'Unknown','2014-06-04','19:29'),(1,32,7,'Very High','2014-06-04','19:29'),(1,33,7,'Unknown','2014-06-04','19:29'),(1,34,7,'Unknown','2014-06-04','19:29'),(1,35,7,'Unknown','2014-06-04','19:29'),(1,36,7,'Very High','2014-06-04','19:29'),(1,37,7,'Very High','2014-06-04','19:29'),(1,38,7,'Medium','2014-06-04','19:29'),(1,39,7,'Unknown','2014-06-04','19:29'),(1,40,7,'Few','2014-06-04','19:29'),(1,41,7,'Medium','2014-06-04','19:29'),(1,42,7,'High','2014-06-04','19:29'),(1,43,7,'Unknown','2014-06-04','19:29'),(1,44,7,'Very High','2014-06-04','19:29'),(1,45,7,'Unknown','2014-06-04','19:29'),(1,46,7,'Very High','2014-06-04','19:29'),(1,47,7,'Very High','2014-06-04','19:29'),(1,48,7,'Very High','2014-06-04','19:29'),(1,49,7,'Very High','2014-06-04','19:29'),(1,50,7,'Medium','2014-06-04','19:29'),(1,51,7,'High','2014-06-04','19:29'),(1,52,7,'Very High','2014-06-04','19:29'),(1,53,7,'High','2014-06-04','19:29'),(1,54,7,'Unknown','2014-06-04','19:29'),(1,55,7,'High','2014-06-04','19:29'),(1,56,7,'High','2014-06-04','19:29'),(1,57,7,'Very High','2014-06-04','19:29'),(1,58,7,'Very High','2014-06-04','19:29'),(1,59,7,'Few','2014-06-04','19:29'),(1,60,7,'Very High','2014-06-04','19:29'),(1,61,7,'Very Few','2014-06-04','19:29'),(1,62,7,'Unknown','2014-06-04','19:29'),(1,63,7,'Very Few','2014-06-04','19:29'),(1,64,7,'Very High','2014-06-04','19:29'),(1,65,7,'Medium','2014-06-04','19:29'),(1,66,7,'Unknown','2014-06-04','19:29'),(1,67,7,'Medium','2014-06-04','19:29'),(1,68,7,'Very High','2014-06-04','19:29'),(1,69,7,'Very High','2014-06-04','19:29'),(1,70,7,'Unknown','2014-06-04','19:29'),(1,71,7,'Unknown','2014-06-04','19:29'),(1,72,7,'Very High','2014-06-04','19:29'),(1,73,7,'Very High','2014-06-04','19:29'),(1,74,7,'Very High','2014-06-04','19:29'),(1,75,7,'Very High','2014-06-04','19:29'),(1,76,7,'Very High','2014-06-04','19:29'),(1,77,7,'Not Applicable','2014-06-04','19:29'),(1,1,7,'Medium','2014-06-05','10:39'),(1,2,7,'Medium','2014-06-05','10:39'),(1,3,7,'High','2014-06-05','10:39'),(1,4,7,'Medium','2014-06-05','10:39'),(1,5,7,'High','2014-06-05','10:39'),(1,6,7,'High','2014-06-05','10:39'),(1,7,7,'Medium','2014-06-05','10:39'),(1,8,7,'Unknown','2014-06-05','10:39'),(1,9,7,'Unknown','2014-06-05','10:39'),(1,10,7,'Very High','2014-06-05','10:39'),(1,11,7,'Very High','2014-06-05','10:39'),(1,12,7,'Medium','2014-06-05','10:39'),(1,13,7,'Unknown','2014-06-05','10:39'),(1,14,7,'Unknown','2014-06-05','10:39'),(1,15,7,'Medium','2014-06-05','10:39'),(1,16,7,'Medium','2014-06-05','10:39'),(1,17,7,'Very High','2014-06-05','10:39'),(1,18,7,'Very High','2014-06-05','10:39'),(1,19,7,'Very High','2014-06-05','10:39'),(1,20,7,'Very High','2014-06-05','10:39'),(1,21,7,'Unknown','2014-06-05','10:39'),(1,22,7,'Unknown','2014-06-05','10:39'),(1,23,7,'Very High','2014-06-05','10:39'),(1,24,7,'Not Applicable','2014-06-05','10:39'),(1,25,7,'Unknown','2014-06-05','10:39'),(1,26,7,'Very High','2014-06-05','10:39'),(1,27,7,'Very High','2014-06-05','10:39'),(1,28,7,'Unknown','2014-06-05','10:39'),(1,29,7,'High','2014-06-05','10:39'),(1,30,7,'Very High','2014-06-05','10:39'),(1,31,7,'Unknown','2014-06-05','10:39'),(1,32,7,'Very High','2014-06-05','10:39'),(1,33,7,'Unknown','2014-06-05','10:39'),(1,34,7,'Unknown','2014-06-05','10:39'),(1,35,7,'Unknown','2014-06-05','10:39'),(1,36,7,'Very High','2014-06-05','10:39'),(1,37,7,'Very High','2014-06-05','10:39'),(1,38,7,'Medium','2014-06-05','10:39'),(1,39,7,'Unknown','2014-06-05','10:39'),(1,40,7,'Few','2014-06-05','10:39'),(1,41,7,'Medium','2014-06-05','10:39'),(1,42,7,'High','2014-06-05','10:39'),(1,43,7,'Unknown','2014-06-05','10:39'),(1,44,7,'Very High','2014-06-05','10:39'),(1,45,7,'Unknown','2014-06-05','10:39'),(1,46,7,'Very High','2014-06-05','10:39'),(1,47,7,'Very High','2014-06-05','10:39'),(1,48,7,'Very High','2014-06-05','10:39'),(1,49,7,'Very High','2014-06-05','10:39'),(1,50,7,'Medium','2014-06-05','10:39'),(1,51,7,'High','2014-06-05','10:39'),(1,52,7,'Very High','2014-06-05','10:39'),(1,53,7,'High','2014-06-05','10:39'),(1,54,7,'Unknown','2014-06-05','10:39'),(1,55,7,'High','2014-06-05','10:39'),(1,56,7,'High','2014-06-05','10:39'),(1,57,7,'Very High','2014-06-05','10:39'),(1,58,7,'Very High','2014-06-05','10:39'),(1,59,7,'Few','2014-06-05','10:39'),(1,60,7,'Very High','2014-06-05','10:39'),(1,61,7,'Very Few','2014-06-05','10:39'),(1,62,7,'Unknown','2014-06-05','10:39'),(1,63,7,'Very Few','2014-06-05','10:39'),(1,64,7,'Very High','2014-06-05','10:39'),(1,65,7,'Medium','2014-06-05','10:39'),(1,66,7,'Unknown','2014-06-05','10:39'),(1,67,7,'Medium','2014-06-05','10:39'),(1,68,7,'Very High','2014-06-05','10:39'),(1,69,7,'Very High','2014-06-05','10:39'),(1,70,7,'Unknown','2014-06-05','10:39'),(1,71,7,'Unknown','2014-06-05','10:39'),(1,72,7,'Very High','2014-06-05','10:39'),(1,73,7,'Very High','2014-06-05','10:39'),(1,74,7,'Very High','2014-06-05','10:39'),(1,75,7,'Very High','2014-06-05','10:39'),(1,76,7,'Very High','2014-06-05','10:39'),(1,77,7,'Very Few','2014-06-05','10:39'),(1,1,7,'Medium','2014-06-05','17:17'),(1,2,7,'Medium','2014-06-05','17:17'),(1,3,7,'High','2014-06-05','17:17'),(1,4,7,'Medium','2014-06-05','17:17'),(1,5,7,'High','2014-06-05','17:17'),(1,6,7,'High','2014-06-05','17:17'),(1,7,7,'Medium','2014-06-05','17:17'),(1,8,7,'Unknown','2014-06-05','17:17'),(1,9,7,'Unknown','2014-06-05','17:17'),(1,10,7,'Very High','2014-06-05','17:17'),(1,11,7,'Very High','2014-06-05','17:17'),(1,12,7,'Medium','2014-06-05','17:17'),(1,13,7,'Unknown','2014-06-05','17:17'),(1,14,7,'Unknown','2014-06-05','17:17'),(1,15,7,'Medium','2014-06-05','17:17'),(1,16,7,'Medium','2014-06-05','17:17'),(1,17,7,'Very High','2014-06-05','17:17'),(1,18,7,'Very High','2014-06-05','17:17'),(1,19,7,'Very High','2014-06-05','17:17'),(1,20,7,'Very High','2014-06-05','17:17'),(1,21,7,'Unknown','2014-06-05','17:17'),(1,22,7,'Unknown','2014-06-05','17:17'),(1,23,7,'Very High','2014-06-05','17:17'),(1,24,7,'Not Applicable','2014-06-05','17:17'),(1,25,7,'Unknown','2014-06-05','17:17'),(1,26,7,'Very High','2014-06-05','17:17'),(1,27,7,'Very High','2014-06-05','17:17'),(1,28,7,'Unknown','2014-06-05','17:17'),(1,29,7,'High','2014-06-05','17:17'),(1,30,7,'Very High','2014-06-05','17:17'),(1,31,7,'Unknown','2014-06-05','17:17'),(1,32,7,'Very High','2014-06-05','17:17'),(1,33,7,'Unknown','2014-06-05','17:17'),(1,34,7,'Unknown','2014-06-05','17:17'),(1,35,7,'Unknown','2014-06-05','17:17'),(1,36,7,'Very High','2014-06-05','17:17'),(1,37,7,'Very High','2014-06-05','17:17'),(1,38,7,'Medium','2014-06-05','17:17'),(1,39,7,'Unknown','2014-06-05','17:17'),(1,40,7,'Few','2014-06-05','17:17'),(1,41,7,'Medium','2014-06-05','17:17'),(1,42,7,'High','2014-06-05','17:17'),(1,43,7,'Unknown','2014-06-05','17:17'),(1,44,7,'Very High','2014-06-05','17:17'),(1,45,7,'Unknown','2014-06-05','17:17'),(1,46,7,'Very High','2014-06-05','17:17'),(1,47,7,'Very High','2014-06-05','17:17'),(1,48,7,'Very High','2014-06-05','17:17'),(1,49,7,'Very High','2014-06-05','17:17'),(1,50,7,'Medium','2014-06-05','17:17'),(1,51,7,'High','2014-06-05','17:17'),(1,52,7,'Very High','2014-06-05','17:17'),(1,53,7,'High','2014-06-05','17:17'),(1,54,7,'Unknown','2014-06-05','17:17'),(1,55,7,'High','2014-06-05','17:17'),(1,56,7,'High','2014-06-05','17:17'),(1,57,7,'Very High','2014-06-05','17:17'),(1,58,7,'Very High','2014-06-05','17:17'),(1,59,7,'Few','2014-06-05','17:17'),(1,60,7,'Very High','2014-06-05','17:17'),(1,61,7,'Very Few','2014-06-05','17:17'),(1,62,7,'Unknown','2014-06-05','17:17'),(1,63,7,'Very Few','2014-06-05','17:17'),(1,64,7,'Very High','2014-06-05','17:17'),(1,65,7,'Few','2014-06-05','17:17'),(1,66,7,'Unknown','2014-06-05','17:17'),(1,67,7,'Medium','2014-06-05','17:17'),(1,68,7,'Very High','2014-06-05','17:17'),(1,69,7,'Very High','2014-06-05','17:17'),(1,70,7,'Unknown','2014-06-05','17:17'),(1,71,7,'Unknown','2014-06-05','17:17'),(1,72,7,'Very High','2014-06-05','17:17'),(1,73,7,'Very High','2014-06-05','17:17'),(1,74,7,'Very High','2014-06-05','17:17'),(1,75,7,'Very High','2014-06-05','17:17'),(1,76,7,'Very High','2014-06-05','17:17'),(1,77,7,'Very Few','2014-06-05','17:17'),(1,1,7,'Medium','2014-06-05','17:19'),(1,2,7,'Medium','2014-06-05','17:19'),(1,3,7,'High','2014-06-05','17:19'),(1,4,7,'Medium','2014-06-05','17:19'),(1,5,7,'High','2014-06-05','17:19'),(1,6,7,'High','2014-06-05','17:19'),(1,7,7,'Medium','2014-06-05','17:19'),(1,8,7,'Unknown','2014-06-05','17:19'),(1,9,7,'Unknown','2014-06-05','17:19'),(1,10,7,'Very High','2014-06-05','17:19'),(1,11,7,'Very High','2014-06-05','17:19'),(1,12,7,'Medium','2014-06-05','17:19'),(1,13,7,'Unknown','2014-06-05','17:19'),(1,14,7,'Unknown','2014-06-05','17:19'),(1,15,7,'Medium','2014-06-05','17:19'),(1,16,7,'Medium','2014-06-05','17:19'),(1,17,7,'Very High','2014-06-05','17:19'),(1,18,7,'Very High','2014-06-05','17:19'),(1,19,7,'Very High','2014-06-05','17:19'),(1,20,7,'Very High','2014-06-05','17:19'),(1,21,7,'Unknown','2014-06-05','17:19'),(1,22,7,'Unknown','2014-06-05','17:19'),(1,23,7,'Very High','2014-06-05','17:19'),(1,24,7,'Not Applicable','2014-06-05','17:19'),(1,25,7,'Unknown','2014-06-05','17:19'),(1,26,7,'Very High','2014-06-05','17:19'),(1,27,7,'Very High','2014-06-05','17:19'),(1,28,7,'Unknown','2014-06-05','17:19'),(1,29,7,'High','2014-06-05','17:19'),(1,30,7,'Very High','2014-06-05','17:19'),(1,31,7,'Unknown','2014-06-05','17:19'),(1,32,7,'Very High','2014-06-05','17:19'),(1,33,7,'Unknown','2014-06-05','17:19'),(1,34,7,'Unknown','2014-06-05','17:19'),(1,35,7,'Unknown','2014-06-05','17:19'),(1,36,7,'Very High','2014-06-05','17:19'),(1,37,7,'Very High','2014-06-05','17:19'),(1,38,7,'Medium','2014-06-05','17:19'),(1,39,7,'Unknown','2014-06-05','17:19'),(1,40,7,'Few','2014-06-05','17:19'),(1,41,7,'Medium','2014-06-05','17:19'),(1,42,7,'High','2014-06-05','17:19'),(1,43,7,'Unknown','2014-06-05','17:19'),(1,44,7,'Very High','2014-06-05','17:19'),(1,45,7,'Unknown','2014-06-05','17:19'),(1,46,7,'Very High','2014-06-05','17:19'),(1,47,7,'Very High','2014-06-05','17:19'),(1,48,7,'Very High','2014-06-05','17:19'),(1,49,7,'Very High','2014-06-05','17:19'),(1,50,7,'Medium','2014-06-05','17:19'),(1,51,7,'High','2014-06-05','17:19'),(1,52,7,'Very High','2014-06-05','17:19'),(1,53,7,'High','2014-06-05','17:19'),(1,54,7,'Unknown','2014-06-05','17:19'),(1,55,7,'High','2014-06-05','17:19'),(1,56,7,'High','2014-06-05','17:19'),(1,57,7,'Very High','2014-06-05','17:19'),(1,58,7,'Very High','2014-06-05','17:19'),(1,59,7,'Few','2014-06-05','17:19'),(1,60,7,'Very High','2014-06-05','17:19'),(1,61,7,'Very Few','2014-06-05','17:19'),(1,62,7,'Unknown','2014-06-05','17:19'),(1,63,7,'Very Few','2014-06-05','17:19'),(1,64,7,'Very High','2014-06-05','17:19'),(1,65,7,'Medium','2014-06-05','17:19'),(1,66,7,'Unknown','2014-06-05','17:19'),(1,67,7,'Medium','2014-06-05','17:19'),(1,68,7,'Very High','2014-06-05','17:19'),(1,69,7,'Very High','2014-06-05','17:19'),(1,70,7,'Unknown','2014-06-05','17:19'),(1,71,7,'Unknown','2014-06-05','17:19'),(1,72,7,'Very High','2014-06-05','17:19'),(1,73,7,'Very High','2014-06-05','17:19'),(1,74,7,'Very High','2014-06-05','17:19'),(1,75,7,'Very High','2014-06-05','17:19'),(1,76,7,'Very High','2014-06-05','17:19'),(1,77,7,'Very Few','2014-06-05','17:19'),(1,1,9,'Unknown','2014-06-05','15:17'),(1,2,9,'Unknown','2014-06-05','15:17'),(1,3,9,'Unknown','2014-06-05','15:17'),(1,4,9,'Unknown','2014-06-05','15:17'),(1,5,9,'Unknown','2014-06-05','15:17'),(1,6,9,'Unknown','2014-06-05','15:17'),(1,7,9,'Unknown','2014-06-05','15:17'),(1,8,9,'Unknown','2014-06-05','15:17'),(1,9,9,'Unknown','2014-06-05','15:17'),(1,10,9,'Unknown','2014-06-05','15:17'),(1,11,9,'Unknown','2014-06-05','15:17'),(1,12,9,'Unknown','2014-06-05','15:17'),(1,13,9,'Unknown','2014-06-05','15:17'),(1,14,9,'Unknown','2014-06-05','15:17'),(1,15,9,'Unknown','2014-06-05','15:17'),(1,16,9,'Unknown','2014-06-05','15:17'),(1,17,9,'Unknown','2014-06-05','15:17'),(1,18,9,'Unknown','2014-06-05','15:17'),(1,19,9,'Unknown','2014-06-05','15:17'),(1,20,9,'Unknown','2014-06-05','15:17'),(1,21,9,'Unknown','2014-06-05','15:17'),(1,22,9,'Unknown','2014-06-05','15:17'),(1,23,9,'Unknown','2014-06-05','15:17'),(1,24,9,'Unknown','2014-06-05','15:17'),(1,25,9,'Unknown','2014-06-05','15:17'),(1,26,9,'Unknown','2014-06-05','15:17'),(1,27,9,'Unknown','2014-06-05','15:17'),(1,28,9,'Unknown','2014-06-05','15:17'),(1,29,9,'Unknown','2014-06-05','15:17'),(1,30,9,'Unknown','2014-06-05','15:17'),(1,31,9,'Unknown','2014-06-05','15:17'),(1,32,9,'Unknown','2014-06-05','15:17'),(1,33,9,'Unknown','2014-06-05','15:17'),(1,34,9,'Unknown','2014-06-05','15:17'),(1,35,9,'Unknown','2014-06-05','15:17'),(1,36,9,'Unknown','2014-06-05','15:17'),(1,37,9,'Unknown','2014-06-05','15:17'),(1,38,9,'Unknown','2014-06-05','15:17'),(1,39,9,'Unknown','2014-06-05','15:17'),(1,40,9,'Unknown','2014-06-05','15:17'),(1,41,9,'Unknown','2014-06-05','15:17'),(1,42,9,'Unknown','2014-06-05','15:17'),(1,43,9,'Unknown','2014-06-05','15:17'),(1,44,9,'Unknown','2014-06-05','15:17'),(1,45,9,'Unknown','2014-06-05','15:17'),(1,46,9,'Unknown','2014-06-05','15:17'),(1,47,9,'Unknown','2014-06-05','15:17'),(1,48,9,'Unknown','2014-06-05','15:17'),(1,49,9,'Unknown','2014-06-05','15:17'),(1,50,9,'Unknown','2014-06-05','15:17'),(1,51,9,'Unknown','2014-06-05','15:17'),(1,52,9,'Unknown','2014-06-05','15:17'),(1,53,9,'Unknown','2014-06-05','15:17'),(1,54,9,'Unknown','2014-06-05','15:17'),(1,55,9,'Unknown','2014-06-05','15:17'),(1,56,9,'Unknown','2014-06-05','15:17'),(1,57,9,'Unknown','2014-06-05','15:17'),(1,58,9,'Unknown','2014-06-05','15:17'),(1,59,9,'Unknown','2014-06-05','15:17'),(1,60,9,'Unknown','2014-06-05','15:17'),(1,61,9,'Unknown','2014-06-05','15:17'),(1,62,9,'Unknown','2014-06-05','15:17'),(1,63,9,'Unknown','2014-06-05','15:17'),(1,64,9,'Unknown','2014-06-05','15:17'),(1,65,9,'Unknown','2014-06-05','15:17'),(1,66,9,'Unknown','2014-06-05','15:17'),(1,67,9,'Unknown','2014-06-05','15:17'),(1,68,9,'Unknown','2014-06-05','15:17'),(1,69,9,'Unknown','2014-06-05','15:17'),(1,70,9,'Unknown','2014-06-05','15:17'),(1,71,9,'Unknown','2014-06-05','15:17'),(1,72,9,'Unknown','2014-06-05','15:17'),(1,73,9,'Unknown','2014-06-05','15:17'),(1,74,9,'Unknown','2014-06-05','15:17'),(1,75,9,'Unknown','2014-06-05','15:17'),(1,76,9,'Unknown','2014-06-05','15:17'),(1,77,9,'Unknown','2014-06-05','15:17'),(1,1,7,'Medium','2014-06-05','19:36'),(1,2,7,'Medium','2014-06-05','19:36'),(1,3,7,'High','2014-06-05','19:36'),(1,4,7,'Medium','2014-06-05','19:36'),(1,5,7,'High','2014-06-05','19:36'),(1,6,7,'High','2014-06-05','19:36'),(1,7,7,'Medium','2014-06-05','19:36'),(1,8,7,'Unknown','2014-06-05','19:36'),(1,9,7,'Unknown','2014-06-05','19:36'),(1,10,7,'Very High','2014-06-05','19:36'),(1,11,7,'Very High','2014-06-05','19:36'),(1,12,7,'Medium','2014-06-05','19:36'),(1,13,7,'Unknown','2014-06-05','19:36'),(1,14,7,'Unknown','2014-06-05','19:36'),(1,15,7,'Medium','2014-06-05','19:36'),(1,16,7,'Medium','2014-06-05','19:36'),(1,17,7,'Very High','2014-06-05','19:36'),(1,18,7,'Very High','2014-06-05','19:36'),(1,19,7,'Very High','2014-06-05','19:36'),(1,20,7,'Very High','2014-06-05','19:36'),(1,21,7,'Unknown','2014-06-05','19:36'),(1,22,7,'Unknown','2014-06-05','19:36'),(1,23,7,'Very High','2014-06-05','19:36'),(1,24,7,'Not Applicable','2014-06-05','19:36'),(1,25,7,'Unknown','2014-06-05','19:36'),(1,26,7,'Very High','2014-06-05','19:36'),(1,27,7,'Very High','2014-06-05','19:36'),(1,28,7,'Unknown','2014-06-05','19:36'),(1,29,7,'High','2014-06-05','19:36'),(1,30,7,'Very High','2014-06-05','19:36'),(1,31,7,'Unknown','2014-06-05','19:36'),(1,32,7,'Very High','2014-06-05','19:36'),(1,33,7,'Unknown','2014-06-05','19:36'),(1,34,7,'Unknown','2014-06-05','19:36'),(1,35,7,'Unknown','2014-06-05','19:36'),(1,36,7,'Very High','2014-06-05','19:36'),(1,37,7,'Very High','2014-06-05','19:36'),(1,38,7,'Medium','2014-06-05','19:36'),(1,39,7,'Unknown','2014-06-05','19:36'),(1,40,7,'Few','2014-06-05','19:36'),(1,41,7,'Medium','2014-06-05','19:36'),(1,42,7,'High','2014-06-05','19:36'),(1,43,7,'Unknown','2014-06-05','19:36'),(1,44,7,'Very High','2014-06-05','19:36'),(1,45,7,'Unknown','2014-06-05','19:36'),(1,46,7,'Very High','2014-06-05','19:36'),(1,47,7,'Very High','2014-06-05','19:36'),(1,48,7,'Very High','2014-06-05','19:36'),(1,49,7,'Very High','2014-06-05','19:36'),(1,50,7,'Medium','2014-06-05','19:36'),(1,51,7,'High','2014-06-05','19:36'),(1,52,7,'Very High','2014-06-05','19:36'),(1,53,7,'High','2014-06-05','19:36'),(1,54,7,'Unknown','2014-06-05','19:36'),(1,55,7,'High','2014-06-05','19:36'),(1,56,7,'High','2014-06-05','19:36'),(1,57,7,'Very High','2014-06-05','19:36'),(1,58,7,'Very High','2014-06-05','19:36'),(1,59,7,'Few','2014-06-05','19:36'),(1,60,7,'Very High','2014-06-05','19:36'),(1,61,7,'Very Few','2014-06-05','19:36'),(1,62,7,'Unknown','2014-06-05','19:36'),(1,63,7,'Very Few','2014-06-05','19:36'),(1,64,7,'Very High','2014-06-05','19:36'),(1,65,7,'Medium','2014-06-05','19:36'),(1,66,7,'Unknown','2014-06-05','19:36'),(1,67,7,'Medium','2014-06-05','19:36'),(1,68,7,'Very High','2014-06-05','19:36'),(1,69,7,'Very High','2014-06-05','19:36'),(1,70,7,'Very High','2014-06-05','19:36'),(1,71,7,'Unknown','2014-06-05','19:36'),(1,72,7,'Very High','2014-06-05','19:36'),(1,73,7,'Very High','2014-06-05','19:36'),(1,74,7,'Very High','2014-06-05','19:36'),(1,75,7,'Very High','2014-06-05','19:36'),(1,76,7,'Very High','2014-06-05','19:36'),(1,77,7,'Very Few','2014-06-05','19:36'),(1,1,10,'Unknown','2014-06-05','20:54'),(1,2,10,'Unknown','2014-06-05','20:54'),(1,3,10,'Unknown','2014-06-05','20:54'),(1,4,10,'Unknown','2014-06-05','20:54'),(1,5,10,'Unknown','2014-06-05','20:54'),(1,6,10,'Unknown','2014-06-05','20:54'),(1,7,10,'Unknown','2014-06-05','20:54'),(1,8,10,'Unknown','2014-06-05','20:54'),(1,9,10,'Unknown','2014-06-05','20:54'),(1,10,10,'Unknown','2014-06-05','20:54'),(1,11,10,'Unknown','2014-06-05','20:54'),(1,12,10,'Unknown','2014-06-05','20:54'),(1,13,10,'Unknown','2014-06-05','20:54'),(1,14,10,'Unknown','2014-06-05','20:54'),(1,15,10,'Unknown','2014-06-05','20:54'),(1,16,10,'Unknown','2014-06-05','20:54'),(1,17,10,'Unknown','2014-06-05','20:54'),(1,18,10,'Unknown','2014-06-05','20:54'),(1,19,10,'Unknown','2014-06-05','20:54'),(1,20,10,'Unknown','2014-06-05','20:54'),(1,21,10,'Unknown','2014-06-05','20:54'),(1,22,10,'Unknown','2014-06-05','20:54'),(1,23,10,'Unknown','2014-06-05','20:54'),(1,24,10,'Unknown','2014-06-05','20:54'),(1,25,10,'Unknown','2014-06-05','20:54'),(1,26,10,'Unknown','2014-06-05','20:54'),(1,27,10,'Unknown','2014-06-05','20:54'),(1,28,10,'Unknown','2014-06-05','20:54'),(1,29,10,'Unknown','2014-06-05','20:54'),(1,30,10,'Unknown','2014-06-05','20:54'),(1,31,10,'Unknown','2014-06-05','20:54'),(1,32,10,'Unknown','2014-06-05','20:54'),(1,33,10,'Unknown','2014-06-05','20:54'),(1,34,10,'Unknown','2014-06-05','20:54'),(1,35,10,'Unknown','2014-06-05','20:54'),(1,36,10,'Unknown','2014-06-05','20:54'),(1,37,10,'Unknown','2014-06-05','20:54'),(1,38,10,'Unknown','2014-06-05','20:54'),(1,39,10,'Unknown','2014-06-05','20:54'),(1,40,10,'Unknown','2014-06-05','20:54'),(1,41,10,'Unknown','2014-06-05','20:54'),(1,42,10,'Unknown','2014-06-05','20:54'),(1,43,10,'Unknown','2014-06-05','20:54'),(1,44,10,'Unknown','2014-06-05','20:54'),(1,45,10,'Unknown','2014-06-05','20:54'),(1,46,10,'Unknown','2014-06-05','20:54'),(1,47,10,'Unknown','2014-06-05','20:54'),(1,48,10,'Unknown','2014-06-05','20:54'),(1,49,10,'Unknown','2014-06-05','20:54'),(1,50,10,'Unknown','2014-06-05','20:54'),(1,51,10,'Unknown','2014-06-05','20:54'),(1,52,10,'Unknown','2014-06-05','20:54'),(1,53,10,'Unknown','2014-06-05','20:54'),(1,54,10,'Unknown','2014-06-05','20:54'),(1,55,10,'Unknown','2014-06-05','20:54'),(1,56,10,'Unknown','2014-06-05','20:54'),(1,57,10,'Unknown','2014-06-05','20:54'),(1,58,10,'Unknown','2014-06-05','20:54'),(1,59,10,'Unknown','2014-06-05','20:54'),(1,60,10,'Unknown','2014-06-05','20:54'),(1,61,10,'Unknown','2014-06-05','20:54'),(1,62,10,'Unknown','2014-06-05','20:54'),(1,63,10,'Unknown','2014-06-05','20:54'),(1,64,10,'Unknown','2014-06-05','20:54'),(1,65,10,'Unknown','2014-06-05','20:54'),(1,66,10,'Unknown','2014-06-05','20:54'),(1,67,10,'Unknown','2014-06-05','20:54'),(1,68,10,'Unknown','2014-06-05','20:54'),(1,69,10,'Unknown','2014-06-05','20:54'),(1,70,10,'Unknown','2014-06-05','20:54'),(1,71,10,'Unknown','2014-06-05','20:54'),(1,72,10,'Unknown','2014-06-05','20:54'),(1,73,10,'Unknown','2014-06-05','20:54'),(1,74,10,'Unknown','2014-06-05','20:54'),(1,75,10,'Unknown','2014-06-05','20:54'),(1,76,10,'Unknown','2014-06-05','20:54'),(1,77,10,'Unknown','2014-06-05','20:54'),(1,1,11,'Unknown','2014-06-09','19:45'),(1,2,11,'Unknown','2014-06-09','19:45'),(1,3,11,'Unknown','2014-06-09','19:45'),(1,4,11,'Unknown','2014-06-09','19:45'),(1,5,11,'Unknown','2014-06-09','19:45'),(1,6,11,'Unknown','2014-06-09','19:45'),(1,7,11,'Unknown','2014-06-09','19:45'),(1,8,11,'Unknown','2014-06-09','19:45'),(1,9,11,'Unknown','2014-06-09','19:45'),(1,10,11,'Unknown','2014-06-09','19:45'),(1,11,11,'Unknown','2014-06-09','19:45'),(1,12,11,'Unknown','2014-06-09','19:45'),(1,13,11,'Unknown','2014-06-09','19:45'),(1,14,11,'Unknown','2014-06-09','19:45'),(1,15,11,'Unknown','2014-06-09','19:45'),(1,16,11,'Unknown','2014-06-09','19:45'),(1,17,11,'Unknown','2014-06-09','19:45'),(1,18,11,'Unknown','2014-06-09','19:45'),(1,19,11,'Unknown','2014-06-09','19:45'),(1,20,11,'Unknown','2014-06-09','19:45'),(1,21,11,'Unknown','2014-06-09','19:45'),(1,22,11,'Unknown','2014-06-09','19:45'),(1,23,11,'Unknown','2014-06-09','19:45'),(1,24,11,'Unknown','2014-06-09','19:45'),(1,25,11,'Unknown','2014-06-09','19:45'),(1,26,11,'Unknown','2014-06-09','19:45'),(1,27,11,'Unknown','2014-06-09','19:45'),(1,28,11,'Unknown','2014-06-09','19:45'),(1,29,11,'Unknown','2014-06-09','19:45'),(1,30,11,'Unknown','2014-06-09','19:45'),(1,31,11,'Unknown','2014-06-09','19:45'),(1,32,11,'Unknown','2014-06-09','19:45'),(1,33,11,'Unknown','2014-06-09','19:45'),(1,34,11,'Unknown','2014-06-09','19:45'),(1,35,11,'Unknown','2014-06-09','19:45'),(1,36,11,'Unknown','2014-06-09','19:45'),(1,37,11,'Unknown','2014-06-09','19:45'),(1,38,11,'Unknown','2014-06-09','19:45'),(1,39,11,'Unknown','2014-06-09','19:45'),(1,40,11,'Unknown','2014-06-09','19:45'),(1,41,11,'Unknown','2014-06-09','19:45'),(1,42,11,'Unknown','2014-06-09','19:45'),(1,43,11,'Unknown','2014-06-09','19:45'),(1,44,11,'Unknown','2014-06-09','19:45'),(1,45,11,'Unknown','2014-06-09','19:45'),(1,46,11,'Unknown','2014-06-09','19:45'),(1,47,11,'Unknown','2014-06-09','19:45'),(1,48,11,'Unknown','2014-06-09','19:45'),(1,49,11,'Unknown','2014-06-09','19:45'),(1,50,11,'Unknown','2014-06-09','19:45'),(1,51,11,'Unknown','2014-06-09','19:45'),(1,52,11,'Unknown','2014-06-09','19:45'),(1,53,11,'Unknown','2014-06-09','19:45'),(1,54,11,'Unknown','2014-06-09','19:45'),(1,55,11,'Unknown','2014-06-09','19:45'),(1,56,11,'Unknown','2014-06-09','19:45'),(1,57,11,'Unknown','2014-06-09','19:45'),(1,58,11,'Unknown','2014-06-09','19:45'),(1,59,11,'Unknown','2014-06-09','19:45'),(1,60,11,'Unknown','2014-06-09','19:45'),(1,61,11,'Unknown','2014-06-09','19:45'),(1,62,11,'Unknown','2014-06-09','19:45'),(1,63,11,'Unknown','2014-06-09','19:45'),(1,64,11,'Unknown','2014-06-09','19:45'),(1,65,11,'Unknown','2014-06-09','19:45'),(1,66,11,'Unknown','2014-06-09','19:45'),(1,67,11,'Unknown','2014-06-09','19:45'),(1,68,11,'Unknown','2014-06-09','19:45'),(1,69,11,'Unknown','2014-06-09','19:45'),(1,70,11,'Unknown','2014-06-09','19:45'),(1,71,11,'Unknown','2014-06-09','19:45'),(1,72,11,'Unknown','2014-06-09','19:45'),(1,73,11,'Unknown','2014-06-09','19:45'),(1,74,11,'Unknown','2014-06-09','19:45'),(1,75,11,'Unknown','2014-06-09','19:45'),(1,76,11,'Unknown','2014-06-09','19:45'),(1,77,11,'Unknown','2014-06-09','19:45'),(1,1,11,'Unknown','2014-06-09','20:20'),(1,2,11,'Unknown','2014-06-09','20:20'),(1,3,11,'Unknown','2014-06-09','20:20'),(1,4,11,'Unknown','2014-06-09','20:20'),(1,5,11,'Unknown','2014-06-09','20:20'),(1,6,11,'Unknown','2014-06-09','20:20'),(1,7,11,'Unknown','2014-06-09','20:20'),(1,8,11,'Unknown','2014-06-09','20:20'),(1,9,11,'Unknown','2014-06-09','20:20'),(1,10,11,'Unknown','2014-06-09','20:20'),(1,11,11,'Unknown','2014-06-09','20:20'),(1,12,11,'Unknown','2014-06-09','20:20'),(1,13,11,'Unknown','2014-06-09','20:20'),(1,14,11,'Unknown','2014-06-09','20:20'),(1,15,11,'Unknown','2014-06-09','20:20'),(1,16,11,'Unknown','2014-06-09','20:20'),(1,17,11,'Unknown','2014-06-09','20:20'),(1,18,11,'Unknown','2014-06-09','20:20'),(1,19,11,'Unknown','2014-06-09','20:20'),(1,20,11,'Unknown','2014-06-09','20:20'),(1,21,11,'Unknown','2014-06-09','20:20'),(1,22,11,'Unknown','2014-06-09','20:20'),(1,23,11,'Unknown','2014-06-09','20:20'),(1,24,11,'Unknown','2014-06-09','20:20'),(1,25,11,'Unknown','2014-06-09','20:20'),(1,26,11,'Unknown','2014-06-09','20:20'),(1,27,11,'Unknown','2014-06-09','20:20'),(1,28,11,'Unknown','2014-06-09','20:20'),(1,29,11,'Unknown','2014-06-09','20:20'),(1,30,11,'Unknown','2014-06-09','20:20'),(1,31,11,'Unknown','2014-06-09','20:20'),(1,32,11,'Unknown','2014-06-09','20:20'),(1,33,11,'Unknown','2014-06-09','20:20'),(1,34,11,'Unknown','2014-06-09','20:20'),(1,35,11,'Unknown','2014-06-09','20:20'),(1,36,11,'Unknown','2014-06-09','20:20'),(1,37,11,'Unknown','2014-06-09','20:20'),(1,38,11,'Unknown','2014-06-09','20:20'),(1,39,11,'Unknown','2014-06-09','20:20'),(1,40,11,'Unknown','2014-06-09','20:20'),(1,41,11,'Unknown','2014-06-09','20:20'),(1,42,11,'Unknown','2014-06-09','20:20'),(1,43,11,'Unknown','2014-06-09','20:20'),(1,44,11,'Unknown','2014-06-09','20:20'),(1,45,11,'Unknown','2014-06-09','20:20'),(1,46,11,'Unknown','2014-06-09','20:20'),(1,47,11,'Unknown','2014-06-09','20:20'),(1,48,11,'Unknown','2014-06-09','20:20'),(1,49,11,'Unknown','2014-06-09','20:20'),(1,50,11,'Unknown','2014-06-09','20:20'),(1,51,11,'Unknown','2014-06-09','20:20'),(1,52,11,'Unknown','2014-06-09','20:20'),(1,53,11,'Unknown','2014-06-09','20:20'),(1,54,11,'Unknown','2014-06-09','20:20'),(1,55,11,'Unknown','2014-06-09','20:20'),(1,56,11,'Unknown','2014-06-09','20:20'),(1,57,11,'Unknown','2014-06-09','20:20'),(1,58,11,'Unknown','2014-06-09','20:20'),(1,59,11,'Unknown','2014-06-09','20:20'),(1,60,11,'Unknown','2014-06-09','20:20'),(1,61,11,'Unknown','2014-06-09','20:20'),(1,62,11,'Unknown','2014-06-09','20:20'),(1,63,11,'Unknown','2014-06-09','20:20'),(1,64,11,'Unknown','2014-06-09','20:20'),(1,65,11,'Unknown','2014-06-09','20:20'),(1,66,11,'Unknown','2014-06-09','20:20'),(1,67,11,'Unknown','2014-06-09','20:20'),(1,68,11,'Unknown','2014-06-09','20:20'),(1,69,11,'Unknown','2014-06-09','20:20'),(1,70,11,'Unknown','2014-06-09','20:20'),(1,71,11,'Unknown','2014-06-09','20:20'),(1,72,11,'Unknown','2014-06-09','20:20'),(1,73,11,'Unknown','2014-06-09','20:20'),(1,74,11,'Unknown','2014-06-09','20:20'),(1,75,11,'Unknown','2014-06-09','20:20'),(1,76,11,'Unknown','2014-06-09','20:20'),(1,77,11,'Unknown','2014-06-09','20:20'),(1,1,11,'Unknown','2014-06-09','20:44'),(1,2,11,'Unknown','2014-06-09','20:44'),(1,3,11,'Unknown','2014-06-09','20:44'),(1,4,11,'Unknown','2014-06-09','20:44'),(1,5,11,'Unknown','2014-06-09','20:44'),(1,6,11,'Unknown','2014-06-09','20:44'),(1,7,11,'Unknown','2014-06-09','20:44'),(1,8,11,'Unknown','2014-06-09','20:44'),(1,9,11,'Unknown','2014-06-09','20:44'),(1,10,11,'Unknown','2014-06-09','20:44'),(1,11,11,'Unknown','2014-06-09','20:44'),(1,12,11,'Unknown','2014-06-09','20:44'),(1,13,11,'Unknown','2014-06-09','20:44'),(1,14,11,'Unknown','2014-06-09','20:44'),(1,15,11,'Unknown','2014-06-09','20:44'),(1,16,11,'Unknown','2014-06-09','20:44'),(1,17,11,'Unknown','2014-06-09','20:44'),(1,18,11,'Unknown','2014-06-09','20:44'),(1,19,11,'Unknown','2014-06-09','20:44'),(1,20,11,'Unknown','2014-06-09','20:44'),(1,21,11,'Unknown','2014-06-09','20:44'),(1,22,11,'Unknown','2014-06-09','20:44'),(1,23,11,'Unknown','2014-06-09','20:44'),(1,24,11,'Unknown','2014-06-09','20:44'),(1,25,11,'Unknown','2014-06-09','20:44'),(1,26,11,'Unknown','2014-06-09','20:44'),(1,27,11,'Unknown','2014-06-09','20:44'),(1,28,11,'Unknown','2014-06-09','20:44'),(1,29,11,'Unknown','2014-06-09','20:44'),(1,30,11,'Unknown','2014-06-09','20:44'),(1,31,11,'Unknown','2014-06-09','20:44'),(1,32,11,'Unknown','2014-06-09','20:44'),(1,33,11,'Unknown','2014-06-09','20:44'),(1,34,11,'Unknown','2014-06-09','20:44'),(1,35,11,'Unknown','2014-06-09','20:44'),(1,36,11,'Unknown','2014-06-09','20:44'),(1,37,11,'Unknown','2014-06-09','20:44'),(1,38,11,'Unknown','2014-06-09','20:44'),(1,39,11,'Unknown','2014-06-09','20:44'),(1,40,11,'Unknown','2014-06-09','20:44'),(1,41,11,'Unknown','2014-06-09','20:44'),(1,42,11,'Unknown','2014-06-09','20:44'),(1,43,11,'Unknown','2014-06-09','20:44'),(1,44,11,'Unknown','2014-06-09','20:44'),(1,45,11,'Unknown','2014-06-09','20:44'),(1,46,11,'Unknown','2014-06-09','20:44'),(1,47,11,'Unknown','2014-06-09','20:44'),(1,48,11,'Unknown','2014-06-09','20:44'),(1,49,11,'Unknown','2014-06-09','20:44'),(1,50,11,'Unknown','2014-06-09','20:44'),(1,51,11,'Unknown','2014-06-09','20:44'),(1,52,11,'Unknown','2014-06-09','20:44'),(1,53,11,'Unknown','2014-06-09','20:44'),(1,54,11,'Unknown','2014-06-09','20:44'),(1,55,11,'Unknown','2014-06-09','20:44'),(1,56,11,'Unknown','2014-06-09','20:44'),(1,57,11,'Unknown','2014-06-09','20:44'),(1,58,11,'Unknown','2014-06-09','20:44'),(1,59,11,'Unknown','2014-06-09','20:44'),(1,60,11,'Unknown','2014-06-09','20:44'),(1,61,11,'Unknown','2014-06-09','20:44'),(1,62,11,'Unknown','2014-06-09','20:44'),(1,63,11,'Unknown','2014-06-09','20:44'),(1,64,11,'Unknown','2014-06-09','20:44'),(1,65,11,'Unknown','2014-06-09','20:44'),(1,66,11,'Unknown','2014-06-09','20:44'),(1,67,11,'Unknown','2014-06-09','20:44'),(1,68,11,'Unknown','2014-06-09','20:44'),(1,69,11,'Unknown','2014-06-09','20:44'),(1,70,11,'Unknown','2014-06-09','20:44'),(1,71,11,'Unknown','2014-06-09','20:44'),(1,72,11,'Unknown','2014-06-09','20:44'),(1,73,11,'Unknown','2014-06-09','20:44'),(1,74,11,'Unknown','2014-06-09','20:44'),(1,75,11,'Unknown','2014-06-09','20:44'),(1,76,11,'Unknown','2014-06-09','20:44'),(1,77,11,'Unknown','2014-06-09','20:44'),(1,1,11,'Unknown','2014-06-09','20:47'),(1,2,11,'Unknown','2014-06-09','20:47'),(1,3,11,'Unknown','2014-06-09','20:47'),(1,4,11,'Unknown','2014-06-09','20:47'),(1,5,11,'Unknown','2014-06-09','20:47'),(1,6,11,'Unknown','2014-06-09','20:47'),(1,7,11,'Unknown','2014-06-09','20:47'),(1,8,11,'Unknown','2014-06-09','20:47'),(1,9,11,'Unknown','2014-06-09','20:47'),(1,10,11,'Unknown','2014-06-09','20:47'),(1,11,11,'Unknown','2014-06-09','20:47'),(1,12,11,'Unknown','2014-06-09','20:47'),(1,13,11,'Unknown','2014-06-09','20:47'),(1,14,11,'Unknown','2014-06-09','20:47'),(1,15,11,'Unknown','2014-06-09','20:47'),(1,16,11,'Unknown','2014-06-09','20:47'),(1,17,11,'Unknown','2014-06-09','20:47'),(1,18,11,'Unknown','2014-06-09','20:47'),(1,19,11,'Unknown','2014-06-09','20:47'),(1,20,11,'Unknown','2014-06-09','20:47'),(1,21,11,'Unknown','2014-06-09','20:47'),(1,22,11,'Unknown','2014-06-09','20:47'),(1,23,11,'Unknown','2014-06-09','20:47'),(1,24,11,'Unknown','2014-06-09','20:47'),(1,25,11,'Unknown','2014-06-09','20:47'),(1,26,11,'Unknown','2014-06-09','20:47'),(1,27,11,'Unknown','2014-06-09','20:47'),(1,28,11,'Unknown','2014-06-09','20:47'),(1,29,11,'Unknown','2014-06-09','20:47'),(1,30,11,'Unknown','2014-06-09','20:47'),(1,31,11,'Unknown','2014-06-09','20:47'),(1,32,11,'Unknown','2014-06-09','20:47'),(1,33,11,'Unknown','2014-06-09','20:47'),(1,34,11,'Unknown','2014-06-09','20:47'),(1,35,11,'Unknown','2014-06-09','20:47'),(1,36,11,'Unknown','2014-06-09','20:47'),(1,37,11,'Unknown','2014-06-09','20:47'),(1,38,11,'Unknown','2014-06-09','20:47'),(1,39,11,'Unknown','2014-06-09','20:47'),(1,40,11,'Unknown','2014-06-09','20:47'),(1,41,11,'Unknown','2014-06-09','20:47'),(1,42,11,'Unknown','2014-06-09','20:47'),(1,43,11,'Unknown','2014-06-09','20:47'),(1,44,11,'Unknown','2014-06-09','20:47'),(1,45,11,'Unknown','2014-06-09','20:47'),(1,46,11,'Unknown','2014-06-09','20:47'),(1,47,11,'Unknown','2014-06-09','20:47'),(1,48,11,'Unknown','2014-06-09','20:47'),(1,49,11,'Unknown','2014-06-09','20:47'),(1,50,11,'Unknown','2014-06-09','20:47'),(1,51,11,'Unknown','2014-06-09','20:47'),(1,52,11,'Unknown','2014-06-09','20:47'),(1,53,11,'Unknown','2014-06-09','20:47'),(1,54,11,'Unknown','2014-06-09','20:47'),(1,55,11,'Unknown','2014-06-09','20:47'),(1,56,11,'Unknown','2014-06-09','20:47'),(1,57,11,'Unknown','2014-06-09','20:47'),(1,58,11,'Unknown','2014-06-09','20:47'),(1,59,11,'Unknown','2014-06-09','20:47'),(1,60,11,'Unknown','2014-06-09','20:47'),(1,61,11,'Unknown','2014-06-09','20:47'),(1,62,11,'Unknown','2014-06-09','20:47'),(1,63,11,'Unknown','2014-06-09','20:47'),(1,64,11,'Unknown','2014-06-09','20:47'),(1,65,11,'Unknown','2014-06-09','20:47'),(1,66,11,'Unknown','2014-06-09','20:47'),(1,67,11,'Unknown','2014-06-09','20:47'),(1,68,11,'Unknown','2014-06-09','20:47'),(1,69,11,'Unknown','2014-06-09','20:47'),(1,70,11,'Unknown','2014-06-09','20:47'),(1,71,11,'Unknown','2014-06-09','20:47'),(1,72,11,'Unknown','2014-06-09','20:47'),(1,73,11,'Unknown','2014-06-09','20:47'),(1,74,11,'Unknown','2014-06-09','20:47'),(1,75,11,'Unknown','2014-06-09','20:47'),(1,76,11,'Unknown','2014-06-09','20:47'),(1,77,11,'Unknown','2014-06-09','20:47'),(1,1,11,'Unknown','2014-06-09','20:49'),(1,2,11,'Unknown','2014-06-09','20:49'),(1,3,11,'Unknown','2014-06-09','20:49'),(1,4,11,'Unknown','2014-06-09','20:49'),(1,5,11,'Unknown','2014-06-09','20:49'),(1,6,11,'Unknown','2014-06-09','20:49'),(1,7,11,'Unknown','2014-06-09','20:49'),(1,8,11,'Unknown','2014-06-09','20:49'),(1,9,11,'Unknown','2014-06-09','20:49'),(1,10,11,'Unknown','2014-06-09','20:49'),(1,11,11,'Unknown','2014-06-09','20:49'),(1,12,11,'Unknown','2014-06-09','20:49'),(1,13,11,'Unknown','2014-06-09','20:49'),(1,14,11,'Unknown','2014-06-09','20:49'),(1,15,11,'Unknown','2014-06-09','20:49'),(1,16,11,'Unknown','2014-06-09','20:49'),(1,17,11,'Unknown','2014-06-09','20:49'),(1,18,11,'Unknown','2014-06-09','20:49'),(1,19,11,'Unknown','2014-06-09','20:49'),(1,20,11,'Unknown','2014-06-09','20:49'),(1,21,11,'Unknown','2014-06-09','20:49'),(1,22,11,'Unknown','2014-06-09','20:49'),(1,23,11,'Unknown','2014-06-09','20:49'),(1,24,11,'Unknown','2014-06-09','20:49'),(1,25,11,'Unknown','2014-06-09','20:49'),(1,26,11,'Unknown','2014-06-09','20:49'),(1,27,11,'Unknown','2014-06-09','20:49'),(1,28,11,'Unknown','2014-06-09','20:49'),(1,29,11,'Unknown','2014-06-09','20:49'),(1,30,11,'Unknown','2014-06-09','20:49'),(1,31,11,'Unknown','2014-06-09','20:49'),(1,32,11,'Unknown','2014-06-09','20:49'),(1,33,11,'Unknown','2014-06-09','20:49'),(1,34,11,'Unknown','2014-06-09','20:49'),(1,35,11,'Unknown','2014-06-09','20:49'),(1,36,11,'Unknown','2014-06-09','20:49'),(1,37,11,'Unknown','2014-06-09','20:49'),(1,38,11,'Unknown','2014-06-09','20:49'),(1,39,11,'Unknown','2014-06-09','20:49'),(1,40,11,'Unknown','2014-06-09','20:49'),(1,41,11,'Unknown','2014-06-09','20:49'),(1,42,11,'Unknown','2014-06-09','20:49'),(1,43,11,'Unknown','2014-06-09','20:49'),(1,44,11,'Unknown','2014-06-09','20:49'),(1,45,11,'Unknown','2014-06-09','20:49'),(1,46,11,'Unknown','2014-06-09','20:49'),(1,47,11,'Unknown','2014-06-09','20:49'),(1,48,11,'Unknown','2014-06-09','20:49'),(1,49,11,'Unknown','2014-06-09','20:49'),(1,50,11,'Unknown','2014-06-09','20:49'),(1,51,11,'Unknown','2014-06-09','20:49'),(1,52,11,'Unknown','2014-06-09','20:49'),(1,53,11,'Unknown','2014-06-09','20:49'),(1,54,11,'Unknown','2014-06-09','20:49'),(1,55,11,'Unknown','2014-06-09','20:49'),(1,56,11,'Unknown','2014-06-09','20:49'),(1,57,11,'Unknown','2014-06-09','20:49'),(1,58,11,'Unknown','2014-06-09','20:49'),(1,59,11,'Unknown','2014-06-09','20:49'),(1,60,11,'Unknown','2014-06-09','20:49'),(1,61,11,'Unknown','2014-06-09','20:49'),(1,62,11,'Unknown','2014-06-09','20:49'),(1,63,11,'Unknown','2014-06-09','20:49'),(1,64,11,'Unknown','2014-06-09','20:49'),(1,65,11,'Unknown','2014-06-09','20:49'),(1,66,11,'Unknown','2014-06-09','20:49'),(1,67,11,'Unknown','2014-06-09','20:49'),(1,68,11,'Unknown','2014-06-09','20:49'),(1,69,11,'Unknown','2014-06-09','20:49'),(1,70,11,'Unknown','2014-06-09','20:49'),(1,71,11,'Unknown','2014-06-09','20:49'),(1,72,11,'Unknown','2014-06-09','20:49'),(1,73,11,'Unknown','2014-06-09','20:49'),(1,74,11,'Unknown','2014-06-09','20:49'),(1,75,11,'Unknown','2014-06-09','20:49'),(1,76,11,'Unknown','2014-06-09','20:49'),(1,77,11,'Unknown','2014-06-09','20:49'),(1,1,12,'Unknown','2014-06-17','13:27'),(1,2,12,'Unknown','2014-06-17','13:27'),(1,3,12,'Unknown','2014-06-17','13:27'),(1,4,12,'Unknown','2014-06-17','13:27'),(1,5,12,'Unknown','2014-06-17','13:27'),(1,6,12,'Unknown','2014-06-17','13:27'),(1,7,12,'Unknown','2014-06-17','13:27'),(1,8,12,'Unknown','2014-06-17','13:27'),(1,9,12,'Unknown','2014-06-17','13:27'),(1,10,12,'Unknown','2014-06-17','13:27'),(1,11,12,'Unknown','2014-06-17','13:27'),(1,12,12,'Unknown','2014-06-17','13:27'),(1,13,12,'Unknown','2014-06-17','13:27'),(1,14,12,'Unknown','2014-06-17','13:27'),(1,15,12,'Unknown','2014-06-17','13:27'),(1,16,12,'Unknown','2014-06-17','13:27'),(1,17,12,'Unknown','2014-06-17','13:27'),(1,18,12,'Unknown','2014-06-17','13:27'),(1,19,12,'Unknown','2014-06-17','13:27'),(1,20,12,'Unknown','2014-06-17','13:27'),(1,21,12,'Unknown','2014-06-17','13:27'),(1,22,12,'Unknown','2014-06-17','13:27'),(1,23,12,'Unknown','2014-06-17','13:27'),(1,24,12,'Unknown','2014-06-17','13:27'),(1,25,12,'Unknown','2014-06-17','13:27'),(1,26,12,'Unknown','2014-06-17','13:27'),(1,27,12,'Unknown','2014-06-17','13:27'),(1,28,12,'Unknown','2014-06-17','13:27'),(1,29,12,'Unknown','2014-06-17','13:27'),(1,30,12,'Unknown','2014-06-17','13:27'),(1,31,12,'Unknown','2014-06-17','13:27'),(1,32,12,'Unknown','2014-06-17','13:27'),(1,33,12,'Unknown','2014-06-17','13:27'),(1,34,12,'Unknown','2014-06-17','13:27'),(1,35,12,'Unknown','2014-06-17','13:27'),(1,36,12,'Unknown','2014-06-17','13:27'),(1,37,12,'Unknown','2014-06-17','13:27'),(1,38,12,'Unknown','2014-06-17','13:27'),(1,39,12,'Unknown','2014-06-17','13:27'),(1,40,12,'Unknown','2014-06-17','13:27'),(1,41,12,'Unknown','2014-06-17','13:27'),(1,42,12,'Unknown','2014-06-17','13:27'),(1,43,12,'Unknown','2014-06-17','13:27'),(1,44,12,'Unknown','2014-06-17','13:27'),(1,45,12,'Unknown','2014-06-17','13:27'),(1,46,12,'Unknown','2014-06-17','13:27'),(1,47,12,'Unknown','2014-06-17','13:27'),(1,48,12,'Unknown','2014-06-17','13:27'),(1,49,12,'Unknown','2014-06-17','13:27'),(1,50,12,'Unknown','2014-06-17','13:27'),(1,51,12,'Unknown','2014-06-17','13:27'),(1,52,12,'Unknown','2014-06-17','13:27'),(1,53,12,'Unknown','2014-06-17','13:27'),(1,54,12,'Unknown','2014-06-17','13:27'),(1,55,12,'Unknown','2014-06-17','13:27'),(1,56,12,'Unknown','2014-06-17','13:27'),(1,57,12,'Unknown','2014-06-17','13:27'),(1,58,12,'Unknown','2014-06-17','13:27'),(1,59,12,'Unknown','2014-06-17','13:27'),(1,60,12,'Unknown','2014-06-17','13:27'),(1,61,12,'Unknown','2014-06-17','13:27'),(1,62,12,'Unknown','2014-06-17','13:27'),(1,63,12,'Unknown','2014-06-17','13:27'),(1,64,12,'Unknown','2014-06-17','13:27'),(1,65,12,'Unknown','2014-06-17','13:27'),(1,66,12,'Unknown','2014-06-17','13:27'),(1,67,12,'Unknown','2014-06-17','13:27'),(1,68,12,'Unknown','2014-06-17','13:27'),(1,69,12,'Unknown','2014-06-17','13:27'),(1,70,12,'Unknown','2014-06-17','13:27'),(1,71,12,'Unknown','2014-06-17','13:27'),(1,72,12,'Unknown','2014-06-17','13:27'),(1,73,12,'Unknown','2014-06-17','13:27'),(1,74,12,'Unknown','2014-06-17','13:27'),(1,75,12,'Unknown','2014-06-17','13:27'),(1,76,12,'Unknown','2014-06-17','13:27'),(1,77,12,'Unknown','2014-06-17','13:27'),(1,1,13,'Unknown','2014-06-19','17:30'),(1,2,13,'Unknown','2014-06-19','17:30'),(1,3,13,'Unknown','2014-06-19','17:30'),(1,4,13,'Unknown','2014-06-19','17:30'),(1,5,13,'Unknown','2014-06-19','17:30'),(1,6,13,'Unknown','2014-06-19','17:30'),(1,7,13,'Unknown','2014-06-19','17:30'),(1,8,13,'Unknown','2014-06-19','17:30'),(1,9,13,'Unknown','2014-06-19','17:30'),(1,10,13,'Unknown','2014-06-19','17:30'),(1,11,13,'Unknown','2014-06-19','17:30'),(1,12,13,'Unknown','2014-06-19','17:30'),(1,13,13,'Unknown','2014-06-19','17:30'),(1,14,13,'Unknown','2014-06-19','17:30'),(1,15,13,'Unknown','2014-06-19','17:30'),(1,16,13,'Unknown','2014-06-19','17:30'),(1,17,13,'Unknown','2014-06-19','17:30'),(1,18,13,'Unknown','2014-06-19','17:30'),(1,19,13,'Unknown','2014-06-19','17:30'),(1,20,13,'Unknown','2014-06-19','17:30'),(1,21,13,'Unknown','2014-06-19','17:30'),(1,22,13,'Unknown','2014-06-19','17:30'),(1,23,13,'Unknown','2014-06-19','17:30'),(1,24,13,'Unknown','2014-06-19','17:30'),(1,25,13,'Unknown','2014-06-19','17:30'),(1,26,13,'Unknown','2014-06-19','17:30'),(1,27,13,'Unknown','2014-06-19','17:30'),(1,28,13,'Unknown','2014-06-19','17:30'),(1,29,13,'Unknown','2014-06-19','17:30'),(1,30,13,'Unknown','2014-06-19','17:30'),(1,31,13,'Unknown','2014-06-19','17:30'),(1,32,13,'Unknown','2014-06-19','17:30'),(1,33,13,'Unknown','2014-06-19','17:30'),(1,34,13,'Unknown','2014-06-19','17:30'),(1,35,13,'Unknown','2014-06-19','17:30'),(1,36,13,'Unknown','2014-06-19','17:30'),(1,37,13,'Unknown','2014-06-19','17:30'),(1,38,13,'Unknown','2014-06-19','17:30'),(1,39,13,'Unknown','2014-06-19','17:30'),(1,40,13,'Unknown','2014-06-19','17:30'),(1,41,13,'Unknown','2014-06-19','17:30'),(1,42,13,'Unknown','2014-06-19','17:30'),(1,43,13,'Unknown','2014-06-19','17:30'),(1,44,13,'Unknown','2014-06-19','17:30'),(1,45,13,'Unknown','2014-06-19','17:30'),(1,46,13,'Unknown','2014-06-19','17:30'),(1,47,13,'Unknown','2014-06-19','17:30'),(1,48,13,'Unknown','2014-06-19','17:30'),(1,49,13,'Unknown','2014-06-19','17:30'),(1,50,13,'Unknown','2014-06-19','17:30'),(1,51,13,'Unknown','2014-06-19','17:30'),(1,52,13,'Unknown','2014-06-19','17:30'),(1,53,13,'Unknown','2014-06-19','17:30'),(1,54,13,'Unknown','2014-06-19','17:30'),(1,55,13,'Unknown','2014-06-19','17:30'),(1,56,13,'Unknown','2014-06-19','17:30'),(1,57,13,'Unknown','2014-06-19','17:30'),(1,58,13,'Unknown','2014-06-19','17:30'),(1,59,13,'Unknown','2014-06-19','17:30'),(1,60,13,'Unknown','2014-06-19','17:30'),(1,61,13,'Unknown','2014-06-19','17:30'),(1,62,13,'Unknown','2014-06-19','17:30'),(1,63,13,'Unknown','2014-06-19','17:30'),(1,64,13,'Unknown','2014-06-19','17:30'),(1,65,13,'Unknown','2014-06-19','17:30'),(1,66,13,'Unknown','2014-06-19','17:30'),(1,67,13,'Unknown','2014-06-19','17:30'),(1,68,13,'Unknown','2014-06-19','17:30'),(1,69,13,'Unknown','2014-06-19','17:30'),(1,70,13,'Unknown','2014-06-19','17:30'),(1,71,13,'Unknown','2014-06-19','17:30'),(1,72,13,'Unknown','2014-06-19','17:30'),(1,73,13,'Unknown','2014-06-19','17:30'),(1,74,13,'Unknown','2014-06-19','17:30'),(1,75,13,'Unknown','2014-06-19','17:30'),(1,76,13,'Unknown','2014-06-19','17:30'),(1,77,13,'Unknown','2014-06-19','17:30'),(1,1,15,'Unknown','2014-06-24','14:50'),(1,2,15,'Unknown','2014-06-24','14:50'),(1,3,15,'Unknown','2014-06-24','14:50'),(1,4,15,'Unknown','2014-06-24','14:50'),(1,5,15,'Unknown','2014-06-24','14:50'),(1,6,15,'Unknown','2014-06-24','14:50'),(1,7,15,'Unknown','2014-06-24','14:50'),(1,8,15,'Unknown','2014-06-24','14:50'),(1,9,15,'Unknown','2014-06-24','14:50'),(1,10,15,'Unknown','2014-06-24','14:50'),(1,11,15,'Unknown','2014-06-24','14:50'),(1,12,15,'Unknown','2014-06-24','14:50'),(1,13,15,'Unknown','2014-06-24','14:50'),(1,14,15,'Unknown','2014-06-24','14:50'),(1,15,15,'Unknown','2014-06-24','14:50'),(1,16,15,'Unknown','2014-06-24','14:50'),(1,17,15,'Unknown','2014-06-24','14:50'),(1,18,15,'Unknown','2014-06-24','14:50'),(1,19,15,'Unknown','2014-06-24','14:50'),(1,20,15,'Unknown','2014-06-24','14:50'),(1,21,15,'Unknown','2014-06-24','14:50'),(1,22,15,'Unknown','2014-06-24','14:50'),(1,23,15,'Unknown','2014-06-24','14:50'),(1,24,15,'Unknown','2014-06-24','14:50'),(1,25,15,'Unknown','2014-06-24','14:50'),(1,26,15,'Unknown','2014-06-24','14:50'),(1,27,15,'Unknown','2014-06-24','14:50'),(1,28,15,'Unknown','2014-06-24','14:50'),(1,29,15,'Unknown','2014-06-24','14:50'),(1,30,15,'Unknown','2014-06-24','14:50'),(1,31,15,'Unknown','2014-06-24','14:50'),(1,32,15,'Unknown','2014-06-24','14:50'),(1,33,15,'Unknown','2014-06-24','14:50'),(1,34,15,'Unknown','2014-06-24','14:50'),(1,35,15,'Unknown','2014-06-24','14:50'),(1,36,15,'Unknown','2014-06-24','14:50'),(1,37,15,'Unknown','2014-06-24','14:50'),(1,38,15,'Unknown','2014-06-24','14:50'),(1,39,15,'Unknown','2014-06-24','14:50'),(1,40,15,'Unknown','2014-06-24','14:50'),(1,41,15,'Unknown','2014-06-24','14:50'),(1,42,15,'Unknown','2014-06-24','14:50'),(1,43,15,'Unknown','2014-06-24','14:50'),(1,44,15,'Unknown','2014-06-24','14:50'),(1,45,15,'Unknown','2014-06-24','14:50'),(1,46,15,'Unknown','2014-06-24','14:50'),(1,47,15,'Unknown','2014-06-24','14:50'),(1,48,15,'Unknown','2014-06-24','14:50'),(1,49,15,'Unknown','2014-06-24','14:50'),(1,50,15,'Unknown','2014-06-24','14:50'),(1,51,15,'Unknown','2014-06-24','14:50'),(1,52,15,'Unknown','2014-06-24','14:50'),(1,53,15,'Unknown','2014-06-24','14:50'),(1,54,15,'Unknown','2014-06-24','14:50'),(1,55,15,'Unknown','2014-06-24','14:50'),(1,56,15,'Unknown','2014-06-24','14:50'),(1,57,15,'Unknown','2014-06-24','14:50'),(1,58,15,'Unknown','2014-06-24','14:50'),(1,59,15,'Unknown','2014-06-24','14:50'),(1,60,15,'Unknown','2014-06-24','14:50'),(1,61,15,'Unknown','2014-06-24','14:50'),(1,62,15,'Unknown','2014-06-24','14:50'),(1,63,15,'Unknown','2014-06-24','14:50'),(1,64,15,'Unknown','2014-06-24','14:50'),(1,65,15,'Unknown','2014-06-24','14:50'),(1,66,15,'Unknown','2014-06-24','14:50'),(1,67,15,'Unknown','2014-06-24','14:50'),(1,68,15,'Unknown','2014-06-24','14:50'),(1,69,15,'Unknown','2014-06-24','14:50'),(1,70,15,'Unknown','2014-06-24','14:50'),(1,71,15,'Unknown','2014-06-24','14:50'),(1,72,15,'Unknown','2014-06-24','14:50'),(1,73,15,'Unknown','2014-06-24','14:50'),(1,74,15,'Unknown','2014-06-24','14:50'),(1,75,15,'Unknown','2014-06-24','14:50'),(1,76,15,'Unknown','2014-06-24','14:50'),(1,77,15,'Unknown','2014-06-24','14:50'),(4,194,16,'Very High','2014-07-17','21:05'),(4,195,16,'Few','2014-07-17','21:05'),(4,196,16,'High','2014-07-17','21:05'),(4,197,16,'Unknown','2014-07-17','21:05'),(4,198,16,'Few','2014-07-17','21:05'),(4,199,16,'High','2014-07-17','21:05'),(4,200,16,'Unknown','2014-07-17','21:05'),(4,201,16,'Unknown','2014-07-17','21:05'),(4,202,16,'Unknown','2014-07-17','21:05'),(4,203,16,'High','2014-07-17','21:05'),(4,204,16,'High','2014-07-17','21:05'),(4,205,16,'High','2014-07-17','21:05'),(4,206,16,'Medium','2014-07-17','21:05'),(4,207,16,'Very High','2014-07-17','21:05'),(4,208,16,'Medium','2014-07-17','21:05'),(4,209,16,'Unknown','2014-07-17','21:05'),(4,210,16,'Very Few','2014-07-17','21:05'),(4,211,16,'Very High','2014-07-17','21:05'),(4,212,16,'Very High','2014-07-17','21:05'),(4,213,16,'Few','2014-07-17','21:05'),(4,214,16,'Unknown','2014-07-17','21:05'),(4,215,16,'High','2014-07-17','21:05'),(4,216,16,'Few','2014-07-17','21:05'),(4,217,16,'Very High','2014-07-17','21:05'),(4,218,16,'Unknown','2014-07-17','21:05'),(4,219,16,'Very High','2014-07-17','21:05'),(4,220,16,'Unknown','2014-07-17','21:05'),(4,221,16,'Unknown','2014-07-17','21:05'),(4,222,16,'High','2014-07-17','21:05'),(4,223,16,'Unknown','2014-07-17','21:05'),(4,224,16,'Unknown','2014-07-17','21:05'),(4,225,16,'Unknown','2014-07-17','21:05'),(4,226,16,'Unknown','2014-07-17','21:05'),(4,227,16,'High','2014-07-17','21:05'),(4,228,16,'Unknown','2014-07-17','21:05'),(4,229,16,'Medium','2014-07-17','21:05'),(4,230,16,'High','2014-07-17','21:05'),(4,231,16,'High','2014-07-17','21:05'),(4,232,16,'Unknown','2014-07-17','21:05'),(4,194,16,'Very High','2014-07-18','12:30'),(4,195,16,'Few','2014-07-18','12:30'),(4,196,16,'High','2014-07-18','12:30'),(4,197,16,'Unknown','2014-07-18','12:30'),(4,198,16,'Few','2014-07-18','12:30'),(4,199,16,'High','2014-07-18','12:30'),(4,200,16,'Unknown','2014-07-18','12:30'),(4,201,16,'Unknown','2014-07-18','12:30'),(4,202,16,'Unknown','2014-07-18','12:30'),(4,203,16,'High','2014-07-18','12:30'),(4,204,16,'High','2014-07-18','12:30'),(4,205,16,'High','2014-07-18','12:30'),(4,206,16,'Medium','2014-07-18','12:30'),(4,207,16,'Very High','2014-07-18','12:30'),(4,208,16,'Medium','2014-07-18','12:30'),(4,209,16,'Unknown','2014-07-18','12:30'),(4,210,16,'Very Few','2014-07-18','12:30'),(4,211,16,'Very High','2014-07-18','12:30'),(4,212,16,'Very High','2014-07-18','12:30'),(4,213,16,'Few','2014-07-18','12:30'),(4,214,16,'Unknown','2014-07-18','12:30'),(4,215,16,'High','2014-07-18','12:30'),(4,216,16,'Few','2014-07-18','12:30'),(4,217,16,'Very High','2014-07-18','12:30'),(4,218,16,'Unknown','2014-07-18','12:30'),(4,219,16,'Very High','2014-07-18','12:30'),(4,220,16,'Unknown','2014-07-18','12:30'),(4,221,16,'Unknown','2014-07-18','12:30'),(4,222,16,'High','2014-07-18','12:30'),(4,223,16,'High','2014-07-18','12:30'),(4,224,16,'High','2014-07-18','12:30'),(4,225,16,'Few','2014-07-18','12:30'),(4,226,16,'Unknown','2014-07-18','12:30'),(4,227,16,'High','2014-07-18','12:30'),(4,228,16,'Unknown','2014-07-18','12:30'),(4,229,16,'Medium','2014-07-18','12:30'),(4,230,16,'High','2014-07-18','12:30'),(4,231,16,'High','2014-07-18','12:30'),(4,232,16,'Unknown','2014-07-18','12:30'),(1,1,17,'Unknown','2014-09-01','10:40'),(1,2,17,'Unknown','2014-09-01','10:40'),(1,3,17,'Unknown','2014-09-01','10:40'),(1,4,17,'Unknown','2014-09-01','10:40'),(1,5,17,'Unknown','2014-09-01','10:40'),(1,6,17,'Unknown','2014-09-01','10:40'),(1,7,17,'Unknown','2014-09-01','10:40'),(1,8,17,'Unknown','2014-09-01','10:40'),(1,9,17,'Unknown','2014-09-01','10:40'),(1,10,17,'Unknown','2014-09-01','10:40'),(1,11,17,'Unknown','2014-09-01','10:40'),(1,12,17,'Unknown','2014-09-01','10:40'),(1,13,17,'Unknown','2014-09-01','10:40'),(1,14,17,'Unknown','2014-09-01','10:40'),(1,15,17,'Unknown','2014-09-01','10:40'),(1,16,17,'Unknown','2014-09-01','10:40'),(1,17,17,'Unknown','2014-09-01','10:40'),(1,18,17,'Unknown','2014-09-01','10:40'),(1,19,17,'Unknown','2014-09-01','10:40'),(1,20,17,'Unknown','2014-09-01','10:40'),(1,21,17,'Unknown','2014-09-01','10:40'),(1,22,17,'Unknown','2014-09-01','10:40'),(1,23,17,'Unknown','2014-09-01','10:40'),(1,24,17,'Unknown','2014-09-01','10:40'),(1,25,17,'Unknown','2014-09-01','10:40'),(1,26,17,'Unknown','2014-09-01','10:40'),(1,27,17,'Unknown','2014-09-01','10:40'),(1,28,17,'Unknown','2014-09-01','10:40'),(1,29,17,'Unknown','2014-09-01','10:40'),(1,30,17,'Unknown','2014-09-01','10:40'),(1,31,17,'Unknown','2014-09-01','10:40'),(1,32,17,'Unknown','2014-09-01','10:40'),(1,33,17,'Unknown','2014-09-01','10:40'),(1,34,17,'Unknown','2014-09-01','10:40'),(1,35,17,'Unknown','2014-09-01','10:40'),(1,36,17,'Unknown','2014-09-01','10:40'),(1,37,17,'Unknown','2014-09-01','10:40'),(1,38,17,'Unknown','2014-09-01','10:40'),(1,39,17,'Unknown','2014-09-01','10:40'),(1,40,17,'Unknown','2014-09-01','10:40'),(1,41,17,'Unknown','2014-09-01','10:40'),(1,42,17,'Unknown','2014-09-01','10:40'),(1,43,17,'Unknown','2014-09-01','10:40'),(1,44,17,'Unknown','2014-09-01','10:40'),(1,45,17,'Unknown','2014-09-01','10:40'),(1,46,17,'Unknown','2014-09-01','10:40'),(1,47,17,'Unknown','2014-09-01','10:40'),(1,48,17,'Unknown','2014-09-01','10:40'),(1,49,17,'Unknown','2014-09-01','10:40'),(1,50,17,'Unknown','2014-09-01','10:40'),(1,51,17,'Unknown','2014-09-01','10:40'),(1,52,17,'Unknown','2014-09-01','10:40'),(1,53,17,'Unknown','2014-09-01','10:40'),(1,54,17,'Unknown','2014-09-01','10:40'),(1,55,17,'Unknown','2014-09-01','10:40'),(1,56,17,'Unknown','2014-09-01','10:40'),(1,57,17,'Unknown','2014-09-01','10:40'),(1,58,17,'Very High','2014-09-01','10:40'),(1,59,17,'Not Applicable','2014-09-01','10:40'),(1,60,17,'Very Few','2014-09-01','10:40'),(1,61,17,'Not Applicable','2014-09-01','10:40'),(1,62,17,'Unknown','2014-09-01','10:40'),(1,63,17,'Unknown','2014-09-01','10:40'),(1,64,17,'Very Few','2014-09-01','10:40'),(1,65,17,'Unknown','2014-09-01','10:40'),(1,66,17,'Unknown','2014-09-01','10:40'),(1,67,17,'Unknown','2014-09-01','10:40'),(1,68,17,'Unknown','2014-09-01','10:40'),(1,69,17,'Unknown','2014-09-01','10:40'),(1,70,17,'Unknown','2014-09-01','10:40'),(1,71,17,'Unknown','2014-09-01','10:40'),(1,72,17,'Unknown','2014-09-01','10:40'),(1,73,17,'Unknown','2014-09-01','10:40'),(1,74,17,'Unknown','2014-09-01','10:40'),(1,75,17,'Unknown','2014-09-01','10:40'),(1,76,17,'Unknown','2014-09-01','10:40'),(1,77,17,'Unknown','2014-09-01','10:40'),(1,1,17,'Unknown','2014-09-02','11:28'),(1,2,17,'Unknown','2014-09-02','11:28'),(1,3,17,'Unknown','2014-09-02','11:28'),(1,4,17,'Unknown','2014-09-02','11:28'),(1,5,17,'Unknown','2014-09-02','11:28'),(1,6,17,'Unknown','2014-09-02','11:28'),(1,7,17,'Unknown','2014-09-02','11:28'),(1,8,17,'Unknown','2014-09-02','11:28'),(1,9,17,'Unknown','2014-09-02','11:28'),(1,10,17,'Unknown','2014-09-02','11:28'),(1,11,17,'Unknown','2014-09-02','11:28'),(1,12,17,'Unknown','2014-09-02','11:28'),(1,13,17,'Unknown','2014-09-02','11:28'),(1,14,17,'Unknown','2014-09-02','11:28'),(1,15,17,'Unknown','2014-09-02','11:28'),(1,16,17,'Unknown','2014-09-02','11:28'),(1,17,17,'Unknown','2014-09-02','11:28'),(1,18,17,'Unknown','2014-09-02','11:28'),(1,19,17,'Unknown','2014-09-02','11:28'),(1,20,17,'Unknown','2014-09-02','11:28'),(1,21,17,'Unknown','2014-09-02','11:28'),(1,22,17,'Unknown','2014-09-02','11:28'),(1,23,17,'Unknown','2014-09-02','11:28'),(1,24,17,'Unknown','2014-09-02','11:28'),(1,25,17,'Unknown','2014-09-02','11:28'),(1,26,17,'Unknown','2014-09-02','11:28'),(1,27,17,'Unknown','2014-09-02','11:28'),(1,28,17,'Unknown','2014-09-02','11:28'),(1,29,17,'Unknown','2014-09-02','11:28'),(1,30,17,'Unknown','2014-09-02','11:28'),(1,31,17,'Unknown','2014-09-02','11:28'),(1,32,17,'Unknown','2014-09-02','11:28'),(1,33,17,'Unknown','2014-09-02','11:28'),(1,34,17,'Unknown','2014-09-02','11:28'),(1,35,17,'Unknown','2014-09-02','11:28'),(1,36,17,'Unknown','2014-09-02','11:28'),(1,37,17,'Very Few','2014-09-02','11:28'),(1,38,17,'Very Few','2014-09-02','11:28'),(1,39,17,'Unknown','2014-09-02','11:28'),(1,40,17,'Medium','2014-09-02','11:28'),(1,41,17,'Very Few','2014-09-02','11:28'),(1,42,17,'Unknown','2014-09-02','11:28'),(1,43,17,'Medium','2014-09-02','11:28'),(1,44,17,'Medium','2014-09-02','11:28'),(1,45,17,'Unknown','2014-09-02','11:28'),(1,46,17,'Medium','2014-09-02','11:28'),(1,47,17,'Few','2014-09-02','11:28'),(1,48,17,'Very Few','2014-09-02','11:28'),(1,49,17,'Very Few','2014-09-02','11:28'),(1,50,17,'Very High','2014-09-02','11:28'),(1,51,17,'Medium','2014-09-02','11:28'),(1,52,17,'High','2014-09-02','11:28'),(1,53,17,'Unknown','2014-09-02','11:28'),(1,54,17,'Medium','2014-09-02','11:28'),(1,55,17,'Very High','2014-09-02','11:28'),(1,56,17,'Few','2014-09-02','11:28'),(1,57,17,'Very Few','2014-09-02','11:28'),(1,58,17,'Very High','2014-09-02','11:28'),(1,59,17,'Not Applicable','2014-09-02','11:28'),(1,60,17,'Very Few','2014-09-02','11:28'),(1,61,17,'Not Applicable','2014-09-02','11:28'),(1,62,17,'Unknown','2014-09-02','11:28'),(1,63,17,'Unknown','2014-09-02','11:28'),(1,64,17,'Very Few','2014-09-02','11:28'),(1,65,17,'Unknown','2014-09-02','11:28'),(1,66,17,'Unknown','2014-09-02','11:28'),(1,67,17,'Unknown','2014-09-02','11:28'),(1,68,17,'Unknown','2014-09-02','11:28'),(1,69,17,'Unknown','2014-09-02','11:28'),(1,70,17,'Unknown','2014-09-02','11:28'),(1,71,17,'Unknown','2014-09-02','11:28'),(1,72,17,'Unknown','2014-09-02','11:28'),(1,73,17,'Unknown','2014-09-02','11:28'),(1,74,17,'Unknown','2014-09-02','11:28'),(1,75,17,'Unknown','2014-09-02','11:28'),(1,76,17,'Unknown','2014-09-02','11:28'),(1,77,17,'Unknown','2014-09-02','11:28'),(1,1,17,'Unknown','2014-09-02','14:14'),(1,2,17,'High','2014-09-02','14:14'),(1,3,17,'Very High','2014-09-02','14:14'),(1,4,17,'Very High','2014-09-02','14:14'),(1,5,17,'Very Few','2014-09-02','14:14'),(1,6,17,'Unknown','2014-09-02','14:14'),(1,7,17,'Very Few','2014-09-02','14:14'),(1,8,17,'Very Few','2014-09-02','14:14'),(1,9,17,'Medium','2014-09-02','14:14'),(1,10,17,'Very High','2014-09-02','14:14'),(1,11,17,'Unknown','2014-09-02','14:14'),(1,12,17,'Medium','2014-09-02','14:14'),(1,13,17,'Very High','2014-09-02','14:14'),(1,14,17,'Unknown','2014-09-02','14:14'),(1,15,17,'Very High','2014-09-02','14:14'),(1,16,17,'Unknown','2014-09-02','14:14'),(1,17,17,'Medium','2014-09-02','14:14'),(1,18,17,'Unknown','2014-09-02','14:14'),(1,19,17,'Very High','2014-09-02','14:14'),(1,20,17,'High','2014-09-02','14:14'),(1,21,17,'Unknown','2014-09-02','14:14'),(1,22,17,'Very High','2014-09-02','14:14'),(1,23,17,'Very High','2014-09-02','14:14'),(1,24,17,'Very High','2014-09-02','14:14'),(1,25,17,'Unknown','2014-09-02','14:14'),(1,26,17,'High','2014-09-02','14:14'),(1,27,17,'Very High','2014-09-02','14:14'),(1,28,17,'Very High','2014-09-02','14:14'),(1,29,17,'Very High','2014-09-02','14:14'),(1,30,17,'Very High','2014-09-02','14:14'),(1,31,17,'Medium','2014-09-02','14:14'),(1,32,17,'Very High','2014-09-02','14:14'),(1,33,17,'Unknown','2014-09-02','14:14'),(1,34,17,'Very High','2014-09-02','14:14'),(1,35,17,'Few','2014-09-02','14:14'),(1,36,17,'Medium','2014-09-02','14:14'),(1,37,17,'Very Few','2014-09-02','14:14'),(1,38,17,'Very Few','2014-09-02','14:14'),(1,39,17,'Unknown','2014-09-02','14:14'),(1,40,17,'Medium','2014-09-02','14:14'),(1,41,17,'Very Few','2014-09-02','14:14'),(1,42,17,'Unknown','2014-09-02','14:14'),(1,43,17,'Medium','2014-09-02','14:14'),(1,44,17,'Medium','2014-09-02','14:14'),(1,45,17,'Unknown','2014-09-02','14:14'),(1,46,17,'Medium','2014-09-02','14:14'),(1,47,17,'Few','2014-09-02','14:14'),(1,48,17,'Very Few','2014-09-02','14:14'),(1,49,17,'Very Few','2014-09-02','14:14'),(1,50,17,'Very High','2014-09-02','14:14'),(1,51,17,'Medium','2014-09-02','14:14'),(1,52,17,'High','2014-09-02','14:14'),(1,53,17,'Unknown','2014-09-02','14:14'),(1,54,17,'Medium','2014-09-02','14:14'),(1,55,17,'Very High','2014-09-02','14:14'),(1,56,17,'Few','2014-09-02','14:14'),(1,57,17,'Very Few','2014-09-02','14:14'),(1,58,17,'Very High','2014-09-02','14:14'),(1,59,17,'Not Applicable','2014-09-02','14:14'),(1,60,17,'Very Few','2014-09-02','14:14'),(1,61,17,'Not Applicable','2014-09-02','14:14'),(1,62,17,'Unknown','2014-09-02','14:14'),(1,63,17,'Unknown','2014-09-02','14:14'),(1,64,17,'Very Few','2014-09-02','14:14'),(1,65,17,'Unknown','2014-09-02','14:14'),(1,66,17,'Unknown','2014-09-02','14:14'),(1,67,17,'Unknown','2014-09-02','14:14'),(1,68,17,'Unknown','2014-09-02','14:14'),(1,69,17,'Unknown','2014-09-02','14:14'),(1,70,17,'Unknown','2014-09-02','14:14'),(1,71,17,'Unknown','2014-09-02','14:14'),(1,72,17,'Unknown','2014-09-02','14:14'),(1,73,17,'Unknown','2014-09-02','14:14'),(1,74,17,'Unknown','2014-09-02','14:14'),(1,75,17,'Unknown','2014-09-02','14:14'),(1,76,17,'Unknown','2014-09-02','14:14'),(1,77,17,'Unknown','2014-09-02','14:14'),(1,1,17,'Unknown','2014-09-02','16:50'),(1,2,17,'High','2014-09-02','16:50'),(1,3,17,'Very High','2014-09-02','16:50'),(1,4,17,'Very High','2014-09-02','16:50'),(1,5,17,'Very Few','2014-09-02','16:50'),(1,6,17,'Unknown','2014-09-02','16:50'),(1,7,17,'Very Few','2014-09-02','16:50'),(1,8,17,'Very Few','2014-09-02','16:50'),(1,9,17,'Medium','2014-09-02','16:50'),(1,10,17,'Very High','2014-09-02','16:50'),(1,11,17,'Unknown','2014-09-02','16:50'),(1,12,17,'Medium','2014-09-02','16:50'),(1,13,17,'Very High','2014-09-02','16:50'),(1,14,17,'Unknown','2014-09-02','16:50'),(1,15,17,'Very High','2014-09-02','16:50'),(1,16,17,'Unknown','2014-09-02','16:50'),(1,17,17,'Medium','2014-09-02','16:50'),(1,18,17,'Unknown','2014-09-02','16:50'),(1,19,17,'Very High','2014-09-02','16:50'),(1,20,17,'High','2014-09-02','16:50'),(1,21,17,'Unknown','2014-09-02','16:50'),(1,22,17,'Very High','2014-09-02','16:50'),(1,23,17,'Very High','2014-09-02','16:50'),(1,24,17,'Very High','2014-09-02','16:50'),(1,25,17,'Unknown','2014-09-02','16:50'),(1,26,17,'High','2014-09-02','16:50'),(1,27,17,'Very High','2014-09-02','16:50'),(1,28,17,'Very High','2014-09-02','16:50'),(1,29,17,'Very High','2014-09-02','16:50'),(1,30,17,'Very High','2014-09-02','16:50'),(1,31,17,'Medium','2014-09-02','16:50'),(1,32,17,'Very High','2014-09-02','16:50'),(1,33,17,'Unknown','2014-09-02','16:50'),(1,34,17,'Very High','2014-09-02','16:50'),(1,35,17,'Few','2014-09-02','16:50'),(1,36,17,'Medium','2014-09-02','16:50'),(1,37,17,'Very Few','2014-09-02','16:50'),(1,38,17,'Very Few','2014-09-02','16:50'),(1,39,17,'Unknown','2014-09-02','16:50'),(1,40,17,'Medium','2014-09-02','16:50'),(1,41,17,'Very Few','2014-09-02','16:50'),(1,42,17,'Unknown','2014-09-02','16:50'),(1,43,17,'Medium','2014-09-02','16:50'),(1,44,17,'Medium','2014-09-02','16:50'),(1,45,17,'Unknown','2014-09-02','16:50'),(1,46,17,'Medium','2014-09-02','16:50'),(1,47,17,'Few','2014-09-02','16:50'),(1,48,17,'Very Few','2014-09-02','16:50'),(1,49,17,'Very Few','2014-09-02','16:50'),(1,50,17,'Very High','2014-09-02','16:50'),(1,51,17,'Medium','2014-09-02','16:50'),(1,52,17,'High','2014-09-02','16:50'),(1,53,17,'Unknown','2014-09-02','16:50'),(1,54,17,'Medium','2014-09-02','16:50'),(1,55,17,'Very High','2014-09-02','16:50'),(1,56,17,'Few','2014-09-02','16:50'),(1,57,17,'Very Few','2014-09-02','16:50'),(1,58,17,'Very High','2014-09-02','16:50'),(1,59,17,'Not Applicable','2014-09-02','16:50'),(1,60,17,'Very Few','2014-09-02','16:50'),(1,61,17,'Not Applicable','2014-09-02','16:50'),(1,62,17,'Unknown','2014-09-02','16:50'),(1,63,17,'Unknown','2014-09-02','16:50'),(1,64,17,'Very Few','2014-09-02','16:50'),(1,65,17,'Very Few','2014-09-02','16:50'),(1,66,17,'Medium','2014-09-02','16:50'),(1,67,17,'Unknown','2014-09-02','16:50'),(1,68,17,'Very High','2014-09-02','16:50'),(1,69,17,'High','2014-09-02','16:50'),(1,70,17,'Medium','2014-09-02','16:50'),(1,71,17,'Medium','2014-09-02','16:50'),(1,72,17,'Medium','2014-09-02','16:50'),(1,73,17,'High','2014-09-02','16:50'),(1,74,17,'Medium','2014-09-02','16:50'),(1,75,17,'Few','2014-09-02','16:50'),(1,76,17,'Very Few','2014-09-02','16:50'),(1,77,17,'Unknown','2014-09-02','16:50'),(1,1,18,'Unknown','2014-12-10','22:14'),(1,2,18,'Unknown','2014-12-10','22:14'),(1,3,18,'Unknown','2014-12-10','22:14'),(1,4,18,'Unknown','2014-12-10','22:14'),(1,5,18,'Unknown','2014-12-10','22:14'),(1,6,18,'Unknown','2014-12-10','22:14'),(1,7,18,'Unknown','2014-12-10','22:14'),(1,8,18,'Unknown','2014-12-10','22:14'),(1,9,18,'Unknown','2014-12-10','22:14'),(1,10,18,'Unknown','2014-12-10','22:14'),(1,11,18,'Unknown','2014-12-10','22:14'),(1,12,18,'Unknown','2014-12-10','22:14'),(1,13,18,'Unknown','2014-12-10','22:14'),(1,14,18,'Unknown','2014-12-10','22:14'),(1,15,18,'Unknown','2014-12-10','22:14'),(1,16,18,'Unknown','2014-12-10','22:14'),(1,17,18,'Unknown','2014-12-10','22:14'),(1,18,18,'Unknown','2014-12-10','22:14'),(1,19,18,'Unknown','2014-12-10','22:14'),(1,20,18,'Unknown','2014-12-10','22:14'),(1,21,18,'Unknown','2014-12-10','22:14'),(1,22,18,'Unknown','2014-12-10','22:14'),(1,23,18,'Unknown','2014-12-10','22:14'),(1,24,18,'Unknown','2014-12-10','22:14'),(1,25,18,'Unknown','2014-12-10','22:14'),(1,26,18,'Unknown','2014-12-10','22:14'),(1,27,18,'Unknown','2014-12-10','22:14'),(1,28,18,'Unknown','2014-12-10','22:14'),(1,29,18,'Unknown','2014-12-10','22:14'),(1,30,18,'Unknown','2014-12-10','22:14'),(1,31,18,'Unknown','2014-12-10','22:14'),(1,32,18,'Unknown','2014-12-10','22:14'),(1,33,18,'Unknown','2014-12-10','22:14'),(1,34,18,'Unknown','2014-12-10','22:14'),(1,35,18,'Unknown','2014-12-10','22:14'),(1,36,18,'Unknown','2014-12-10','22:14'),(1,37,18,'Unknown','2014-12-10','22:14'),(1,38,18,'Unknown','2014-12-10','22:14'),(1,39,18,'Unknown','2014-12-10','22:14'),(1,40,18,'Unknown','2014-12-10','22:14'),(1,41,18,'Unknown','2014-12-10','22:14'),(1,42,18,'Unknown','2014-12-10','22:14'),(1,43,18,'Unknown','2014-12-10','22:14'),(1,44,18,'Unknown','2014-12-10','22:14'),(1,45,18,'Unknown','2014-12-10','22:14'),(1,46,18,'Unknown','2014-12-10','22:14'),(1,47,18,'Unknown','2014-12-10','22:14'),(1,48,18,'Unknown','2014-12-10','22:14'),(1,49,18,'Unknown','2014-12-10','22:14'),(1,50,18,'Unknown','2014-12-10','22:14'),(1,51,18,'Unknown','2014-12-10','22:14'),(1,52,18,'Unknown','2014-12-10','22:14'),(1,53,18,'Unknown','2014-12-10','22:14'),(1,54,18,'Unknown','2014-12-10','22:14'),(1,55,18,'Unknown','2014-12-10','22:14'),(1,56,18,'Unknown','2014-12-10','22:14'),(1,57,18,'Unknown','2014-12-10','22:14'),(1,58,18,'Unknown','2014-12-10','22:14'),(1,59,18,'Unknown','2014-12-10','22:14'),(1,60,18,'Unknown','2014-12-10','22:14'),(1,61,18,'Unknown','2014-12-10','22:14'),(1,62,18,'Unknown','2014-12-10','22:14'),(1,63,18,'Unknown','2014-12-10','22:14'),(1,64,18,'Unknown','2014-12-10','22:14'),(1,65,18,'Unknown','2014-12-10','22:14'),(1,66,18,'Unknown','2014-12-10','22:14'),(1,67,18,'Unknown','2014-12-10','22:14'),(1,68,18,'Unknown','2014-12-10','22:14'),(1,69,18,'Unknown','2014-12-10','22:14'),(1,70,18,'Unknown','2014-12-10','22:14'),(1,71,18,'Unknown','2014-12-10','22:14'),(1,72,18,'Unknown','2014-12-10','22:14'),(1,73,18,'Unknown','2014-12-10','22:14'),(1,74,18,'Unknown','2014-12-10','22:14'),(1,75,18,'Unknown','2014-12-10','22:14'),(1,76,18,'Unknown','2014-12-10','22:14'),(1,77,18,'Unknown','2014-12-10','22:14'),(1,1,19,'Unknown','2014-12-05','17:53'),(1,2,19,'Unknown','2014-12-05','17:53'),(1,3,19,'Unknown','2014-12-05','17:53'),(1,4,19,'Unknown','2014-12-05','17:53'),(1,5,19,'Unknown','2014-12-05','17:53'),(1,6,19,'Unknown','2014-12-05','17:53'),(1,7,19,'Unknown','2014-12-05','17:53'),(1,8,19,'Unknown','2014-12-05','17:53'),(1,9,19,'Unknown','2014-12-05','17:53'),(1,10,19,'Unknown','2014-12-05','17:53'),(1,11,19,'Unknown','2014-12-05','17:53'),(1,12,19,'Unknown','2014-12-05','17:53'),(1,13,19,'Unknown','2014-12-05','17:53'),(1,14,19,'Unknown','2014-12-05','17:53'),(1,15,19,'Unknown','2014-12-05','17:53'),(1,16,19,'Unknown','2014-12-05','17:53'),(1,17,19,'Unknown','2014-12-05','17:53'),(1,18,19,'Unknown','2014-12-05','17:53'),(1,19,19,'Unknown','2014-12-05','17:53'),(1,20,19,'Unknown','2014-12-05','17:53'),(1,21,19,'Unknown','2014-12-05','17:53'),(1,22,19,'Unknown','2014-12-05','17:53'),(1,23,19,'Unknown','2014-12-05','17:53'),(1,24,19,'Unknown','2014-12-05','17:53'),(1,25,19,'Unknown','2014-12-05','17:53'),(1,26,19,'Unknown','2014-12-05','17:53'),(1,27,19,'Unknown','2014-12-05','17:53'),(1,28,19,'Unknown','2014-12-05','17:53'),(1,29,19,'Unknown','2014-12-05','17:53'),(1,30,19,'Unknown','2014-12-05','17:53'),(1,31,19,'Unknown','2014-12-05','17:53'),(1,32,19,'Unknown','2014-12-05','17:53'),(1,33,19,'Unknown','2014-12-05','17:53'),(1,34,19,'Unknown','2014-12-05','17:53'),(1,35,19,'Unknown','2014-12-05','17:53'),(1,36,19,'Unknown','2014-12-05','17:53'),(1,37,19,'Unknown','2014-12-05','17:53'),(1,38,19,'Unknown','2014-12-05','17:53'),(1,39,19,'Unknown','2014-12-05','17:53'),(1,40,19,'Unknown','2014-12-05','17:53'),(1,41,19,'Unknown','2014-12-05','17:53'),(1,42,19,'Unknown','2014-12-05','17:53'),(1,43,19,'Unknown','2014-12-05','17:53'),(1,44,19,'Unknown','2014-12-05','17:53'),(1,45,19,'Unknown','2014-12-05','17:53'),(1,46,19,'Unknown','2014-12-05','17:53'),(1,47,19,'Unknown','2014-12-05','17:53'),(1,48,19,'Unknown','2014-12-05','17:53'),(1,49,19,'Unknown','2014-12-05','17:53'),(1,50,19,'Unknown','2014-12-05','17:53'),(1,51,19,'Unknown','2014-12-05','17:53'),(1,52,19,'Unknown','2014-12-05','17:53'),(1,53,19,'Unknown','2014-12-05','17:53'),(1,54,19,'Unknown','2014-12-05','17:53'),(1,55,19,'Unknown','2014-12-05','17:53'),(1,56,19,'Unknown','2014-12-05','17:53'),(1,57,19,'Unknown','2014-12-05','17:53'),(1,58,19,'Unknown','2014-12-05','17:53'),(1,59,19,'Unknown','2014-12-05','17:53'),(1,60,19,'Unknown','2014-12-05','17:53'),(1,61,19,'Unknown','2014-12-05','17:53'),(1,62,19,'Unknown','2014-12-05','17:53'),(1,63,19,'Unknown','2014-12-05','17:53'),(1,64,19,'Unknown','2014-12-05','17:53'),(1,65,19,'Unknown','2014-12-05','17:53'),(1,66,19,'Unknown','2014-12-05','17:53'),(1,67,19,'Unknown','2014-12-05','17:53'),(1,68,19,'Unknown','2014-12-05','17:53'),(1,69,19,'Unknown','2014-12-05','17:53'),(1,70,19,'Unknown','2014-12-05','17:53'),(1,71,19,'Unknown','2014-12-05','17:53'),(1,72,19,'Unknown','2014-12-05','17:53'),(1,73,19,'Unknown','2014-12-05','17:53'),(1,74,19,'Unknown','2014-12-05','17:53'),(1,75,19,'Unknown','2014-12-05','17:53'),(1,76,19,'Unknown','2014-12-05','17:53'),(1,77,19,'Unknown','2014-12-05','17:53'),(2,78,20,'Unknown','2014-12-12','22:33'),(2,79,20,'Unknown','2014-12-12','22:33'),(2,80,20,'Unknown','2014-12-12','22:33'),(2,81,20,'Unknown','2014-12-12','22:33'),(2,82,20,'Unknown','2014-12-12','22:33'),(2,83,20,'Unknown','2014-12-12','22:33'),(2,84,20,'Unknown','2014-12-12','22:33'),(2,85,20,'Unknown','2014-12-12','22:33'),(2,86,20,'Unknown','2014-12-12','22:33'),(2,87,20,'Unknown','2014-12-12','22:33'),(2,88,20,'Unknown','2014-12-12','22:33'),(2,89,20,'Unknown','2014-12-12','22:33'),(2,90,20,'Unknown','2014-12-12','22:33'),(2,91,20,'Unknown','2014-12-12','22:33'),(2,92,20,'Unknown','2014-12-12','22:33'),(2,93,20,'Unknown','2014-12-12','22:33'),(2,94,20,'Unknown','2014-12-12','22:33'),(2,95,20,'Unknown','2014-12-12','22:33'),(2,96,20,'Unknown','2014-12-12','22:33'),(2,97,20,'Unknown','2014-12-12','22:33'),(2,98,20,'Unknown','2014-12-12','22:33'),(2,99,20,'Unknown','2014-12-12','22:33'),(2,100,20,'Unknown','2014-12-12','22:33'),(2,101,20,'Unknown','2014-12-12','22:33'),(2,102,20,'Unknown','2014-12-12','22:33'),(2,103,20,'Unknown','2014-12-12','22:33'),(2,104,20,'Unknown','2014-12-12','22:33'),(2,105,20,'Unknown','2014-12-12','22:33'),(2,106,20,'Unknown','2014-12-12','22:33'),(2,107,20,'Unknown','2014-12-12','22:33'),(2,108,20,'Unknown','2014-12-12','22:33'),(2,109,20,'Unknown','2014-12-12','22:33'),(2,110,20,'Unknown','2014-12-12','22:33'),(2,111,20,'Unknown','2014-12-12','22:33'),(2,112,20,'Unknown','2014-12-12','22:33'),(2,113,20,'Unknown','2014-12-12','22:33'),(2,114,20,'Unknown','2014-12-12','22:33'),(2,115,20,'Unknown','2014-12-12','22:33'),(2,116,20,'Unknown','2014-12-12','22:33'),(2,78,21,'Unknown','2014-11-04','22:58'),(2,79,21,'Unknown','2014-11-04','22:58'),(2,80,21,'Unknown','2014-11-04','22:58'),(2,81,21,'Unknown','2014-11-04','22:58'),(2,82,21,'Unknown','2014-11-04','22:58'),(2,83,21,'Unknown','2014-11-04','22:58'),(2,84,21,'Unknown','2014-11-04','22:58'),(2,85,21,'Unknown','2014-11-04','22:58'),(2,86,21,'Unknown','2014-11-04','22:58'),(2,87,21,'Unknown','2014-11-04','22:58'),(2,88,21,'Unknown','2014-11-04','22:58'),(2,89,21,'Unknown','2014-11-04','22:58'),(2,90,21,'Unknown','2014-11-04','22:58'),(2,91,21,'Unknown','2014-11-04','22:58'),(2,92,21,'Unknown','2014-11-04','22:58'),(2,93,21,'Unknown','2014-11-04','22:58'),(2,94,21,'Unknown','2014-11-04','22:58'),(2,95,21,'Unknown','2014-11-04','22:58'),(2,96,21,'Unknown','2014-11-04','22:58'),(2,97,21,'Unknown','2014-11-04','22:58'),(2,98,21,'Unknown','2014-11-04','22:58'),(2,99,21,'Unknown','2014-11-04','22:58'),(2,100,21,'Unknown','2014-11-04','22:58'),(2,101,21,'Unknown','2014-11-04','22:58'),(2,102,21,'Unknown','2014-11-04','22:58'),(2,103,21,'Unknown','2014-11-04','22:58'),(2,104,21,'Unknown','2014-11-04','22:58'),(2,105,21,'Unknown','2014-11-04','22:58'),(2,106,21,'Unknown','2014-11-04','22:58'),(2,107,21,'Unknown','2014-11-04','22:58'),(2,108,21,'Unknown','2014-11-04','22:58'),(2,109,21,'Unknown','2014-11-04','22:58'),(2,110,21,'Unknown','2014-11-04','22:58'),(2,111,21,'Unknown','2014-11-04','22:58'),(2,112,21,'Unknown','2014-11-04','22:58'),(2,113,21,'Unknown','2014-11-04','22:58'),(2,114,21,'Unknown','2014-11-04','22:58'),(2,115,21,'Unknown','2014-11-04','22:58'),(2,116,21,'Unknown','2014-11-04','22:58'),(1,1,22,'Medium','2015-01-08','21:28'),(1,2,22,'Few','2015-01-08','21:28'),(1,3,22,'Few','2015-01-08','21:28'),(1,4,22,'Not Applicable','2015-01-08','21:28'),(1,5,22,'Unknown','2015-01-08','21:28'),(1,6,22,'Few','2015-01-08','21:28'),(1,7,22,'Unknown','2015-01-08','21:28'),(1,8,22,'Unknown','2015-01-08','21:28'),(1,9,22,'Unknown','2015-01-08','21:28'),(1,10,22,'Unknown','2015-01-08','21:28'),(1,11,22,'Unknown','2015-01-08','21:28'),(1,12,22,'Unknown','2015-01-08','21:28'),(1,13,22,'Unknown','2015-01-08','21:28'),(1,14,22,'Unknown','2015-01-08','21:28'),(1,15,22,'Unknown','2015-01-08','21:28'),(1,16,22,'Unknown','2015-01-08','21:28'),(1,17,22,'Unknown','2015-01-08','21:28'),(1,18,22,'Unknown','2015-01-08','21:28'),(1,19,22,'Unknown','2015-01-08','21:28'),(1,20,22,'Unknown','2015-01-08','21:28'),(1,21,22,'Unknown','2015-01-08','21:28'),(1,22,22,'Unknown','2015-01-08','21:28'),(1,23,22,'Unknown','2015-01-08','21:28'),(1,24,22,'Unknown','2015-01-08','21:28'),(1,25,22,'Unknown','2015-01-08','21:28'),(1,26,22,'Unknown','2015-01-08','21:28'),(1,27,22,'Unknown','2015-01-08','21:28'),(1,28,22,'Unknown','2015-01-08','21:28'),(1,29,22,'Unknown','2015-01-08','21:28'),(1,30,22,'Unknown','2015-01-08','21:28'),(1,31,22,'Unknown','2015-01-08','21:28'),(1,32,22,'Unknown','2015-01-08','21:28'),(1,33,22,'Unknown','2015-01-08','21:28'),(1,34,22,'Unknown','2015-01-08','21:28'),(1,35,22,'Unknown','2015-01-08','21:28'),(1,36,22,'Unknown','2015-01-08','21:28'),(1,37,22,'Unknown','2015-01-08','21:28'),(1,38,22,'Unknown','2015-01-08','21:28'),(1,39,22,'Unknown','2015-01-08','21:28'),(1,40,22,'Unknown','2015-01-08','21:28'),(1,41,22,'Unknown','2015-01-08','21:28'),(1,42,22,'Unknown','2015-01-08','21:28'),(1,43,22,'Unknown','2015-01-08','21:28'),(1,44,22,'Unknown','2015-01-08','21:28'),(1,45,22,'Unknown','2015-01-08','21:28'),(1,46,22,'Unknown','2015-01-08','21:28'),(1,47,22,'Unknown','2015-01-08','21:28'),(1,48,22,'Unknown','2015-01-08','21:28'),(1,49,22,'Unknown','2015-01-08','21:28'),(1,50,22,'Unknown','2015-01-08','21:28'),(1,51,22,'Unknown','2015-01-08','21:28'),(1,52,22,'Unknown','2015-01-08','21:28'),(1,53,22,'Unknown','2015-01-08','21:28'),(1,54,22,'Unknown','2015-01-08','21:28'),(1,55,22,'Unknown','2015-01-08','21:28'),(1,56,22,'Unknown','2015-01-08','21:28'),(1,57,22,'Unknown','2015-01-08','21:28'),(1,58,22,'Unknown','2015-01-08','21:28'),(1,59,22,'Unknown','2015-01-08','21:28'),(1,60,22,'Unknown','2015-01-08','21:28'),(1,61,22,'Unknown','2015-01-08','21:28'),(1,62,22,'Unknown','2015-01-08','21:28'),(1,63,22,'Unknown','2015-01-08','21:28'),(1,64,22,'Unknown','2015-01-08','21:28'),(1,65,22,'Unknown','2015-01-08','21:28'),(1,66,22,'Unknown','2015-01-08','21:28'),(1,67,22,'Unknown','2015-01-08','21:28'),(1,68,22,'Unknown','2015-01-08','21:28'),(1,69,22,'Unknown','2015-01-08','21:28'),(1,70,22,'Unknown','2015-01-08','21:28'),(1,71,22,'Unknown','2015-01-08','21:28'),(1,72,22,'Unknown','2015-01-08','21:28'),(1,73,22,'Unknown','2015-01-08','21:28'),(1,74,22,'Unknown','2015-01-08','21:28'),(1,75,22,'Unknown','2015-01-08','21:28'),(1,76,22,'Unknown','2015-01-08','21:28'),(1,77,22,'Unknown','2015-01-08','21:28'),(1,1,22,'Medium','2015-01-08','21:28'),(1,2,22,'Few','2015-01-08','21:28'),(1,3,22,'Few','2015-01-08','21:28'),(1,4,22,'Not Applicable','2015-01-08','21:28'),(1,5,22,'Unknown','2015-01-08','21:28'),(1,6,22,'Few','2015-01-08','21:28'),(1,7,22,'Unknown','2015-01-08','21:28'),(1,8,22,'Unknown','2015-01-08','21:28'),(1,9,22,'Unknown','2015-01-08','21:28'),(1,10,22,'Unknown','2015-01-08','21:28'),(1,11,22,'Unknown','2015-01-08','21:28'),(1,12,22,'Unknown','2015-01-08','21:28'),(1,13,22,'Unknown','2015-01-08','21:28'),(1,14,22,'Unknown','2015-01-08','21:28'),(1,15,22,'Unknown','2015-01-08','21:28'),(1,16,22,'Unknown','2015-01-08','21:28'),(1,17,22,'Unknown','2015-01-08','21:28'),(1,18,22,'Unknown','2015-01-08','21:28'),(1,19,22,'Unknown','2015-01-08','21:28'),(1,20,22,'Unknown','2015-01-08','21:28'),(1,21,22,'Unknown','2015-01-08','21:28'),(1,22,22,'Unknown','2015-01-08','21:28'),(1,23,22,'Unknown','2015-01-08','21:28'),(1,24,22,'Unknown','2015-01-08','21:28'),(1,25,22,'Unknown','2015-01-08','21:28'),(1,26,22,'Unknown','2015-01-08','21:28'),(1,27,22,'Unknown','2015-01-08','21:28'),(1,28,22,'Unknown','2015-01-08','21:28'),(1,29,22,'Unknown','2015-01-08','21:28'),(1,30,22,'Unknown','2015-01-08','21:28'),(1,31,22,'Unknown','2015-01-08','21:28'),(1,32,22,'Unknown','2015-01-08','21:28'),(1,33,22,'Unknown','2015-01-08','21:28'),(1,34,22,'Unknown','2015-01-08','21:28'),(1,35,22,'Unknown','2015-01-08','21:28'),(1,36,22,'Unknown','2015-01-08','21:28'),(1,37,22,'Unknown','2015-01-08','21:28'),(1,38,22,'Unknown','2015-01-08','21:28'),(1,39,22,'Unknown','2015-01-08','21:28'),(1,40,22,'Unknown','2015-01-08','21:28'),(1,41,22,'Unknown','2015-01-08','21:28'),(1,42,22,'Unknown','2015-01-08','21:28'),(1,43,22,'Unknown','2015-01-08','21:28'),(1,44,22,'Unknown','2015-01-08','21:28'),(1,45,22,'Unknown','2015-01-08','21:28'),(1,46,22,'Unknown','2015-01-08','21:28'),(1,47,22,'Unknown','2015-01-08','21:28'),(1,48,22,'Unknown','2015-01-08','21:28'),(1,49,22,'Unknown','2015-01-08','21:28'),(1,50,22,'Unknown','2015-01-08','21:28'),(1,51,22,'Unknown','2015-01-08','21:28'),(1,52,22,'Unknown','2015-01-08','21:28'),(1,53,22,'Unknown','2015-01-08','21:28'),(1,54,22,'Unknown','2015-01-08','21:28'),(1,55,22,'Unknown','2015-01-08','21:28'),(1,56,22,'Unknown','2015-01-08','21:28'),(1,57,22,'Unknown','2015-01-08','21:28'),(1,58,22,'Unknown','2015-01-08','21:28'),(1,59,22,'Unknown','2015-01-08','21:28'),(1,60,22,'Unknown','2015-01-08','21:28'),(1,61,22,'Unknown','2015-01-08','21:28'),(1,62,22,'Unknown','2015-01-08','21:28'),(1,63,22,'Unknown','2015-01-08','21:28'),(1,64,22,'Unknown','2015-01-08','21:28'),(1,65,22,'Unknown','2015-01-08','21:28'),(1,66,22,'Unknown','2015-01-08','21:28'),(1,67,22,'Unknown','2015-01-08','21:28'),(1,68,22,'Unknown','2015-01-08','21:28'),(1,69,22,'Unknown','2015-01-08','21:28'),(1,70,22,'Unknown','2015-01-08','21:28'),(1,71,22,'Unknown','2015-01-08','21:28'),(1,72,22,'Unknown','2015-01-08','21:28'),(1,73,22,'Unknown','2015-01-08','21:28'),(1,74,22,'Unknown','2015-01-08','21:28'),(1,75,22,'Unknown','2015-01-08','21:28'),(1,76,22,'Unknown','2015-01-08','21:28'),(1,77,22,'Unknown','2015-01-08','21:28'),(1,1,23,'Unknown','2015-01-12','13:45'),(1,2,23,'Not Applicable','2015-01-12','13:45'),(1,3,23,'Not Applicable','2015-01-12','13:45'),(1,4,23,'Few','2015-01-12','13:45'),(1,5,23,'Very High','2015-01-12','13:45'),(1,6,23,'Few','2015-01-12','13:45'),(1,7,23,'Unknown','2015-01-12','13:45'),(1,8,23,'Unknown','2015-01-12','13:45'),(1,9,23,'Very Few','2015-01-12','13:45'),(1,10,23,'Very Few','2015-01-12','13:45'),(1,11,23,'Unknown','2015-01-12','13:45'),(1,12,23,'Very Few','2015-01-12','13:45'),(1,13,23,'Unknown','2015-01-12','13:45'),(1,14,23,'Unknown','2015-01-12','13:45'),(1,15,23,'Not Applicable','2015-01-12','13:45'),(1,16,23,'Very Few','2015-01-12','13:45'),(1,17,23,'Not Applicable','2015-01-12','13:45'),(1,18,23,'Very Few','2015-01-12','13:45'),(1,19,23,'Few','2015-01-12','13:45'),(1,20,23,'Very Few','2015-01-12','13:45'),(1,21,23,'Very Few','2015-01-12','13:45'),(1,22,23,'High','2015-01-12','13:45'),(1,23,23,'Very Few','2015-01-12','13:45'),(1,24,23,'Unknown','2015-01-12','13:45'),(1,25,23,'Unknown','2015-01-12','13:45'),(1,26,23,'Very Few','2015-01-12','13:45'),(1,27,23,'High','2015-01-12','13:45'),(1,28,23,'Very Few','2015-01-12','13:45'),(1,29,23,'Very Few','2015-01-12','13:45'),(1,30,23,'Few','2015-01-12','13:45'),(1,31,23,'Not Applicable','2015-01-12','13:45'),(1,32,23,'High','2015-01-12','13:45'),(1,33,23,'Few','2015-01-12','13:45'),(1,34,23,'Very Few','2015-01-12','13:45'),(1,35,23,'Very Few','2015-01-12','13:45'),(1,36,23,'Not Applicable','2015-01-12','13:45'),(1,37,23,'Very Few','2015-01-12','13:45'),(1,38,23,'Very Few','2015-01-12','13:45'),(1,39,23,'Very Few','2015-01-12','13:45'),(1,40,23,'Very Few','2015-01-12','13:45'),(1,41,23,'Very Few','2015-01-12','13:45'),(1,42,23,'Few','2015-01-12','13:45'),(1,43,23,'Very Few','2015-01-12','13:45'),(1,44,23,'High','2015-01-12','13:45'),(1,45,23,'Medium','2015-01-12','13:45'),(1,46,23,'Unknown','2015-01-12','13:45'),(1,47,23,'Few','2015-01-12','13:45'),(1,48,23,'Few','2015-01-12','13:45'),(1,49,23,'Not Applicable','2015-01-12','13:45'),(1,50,23,'High','2015-01-12','13:45'),(1,51,23,'Not Applicable','2015-01-12','13:45'),(1,52,23,'Few','2015-01-12','13:45'),(1,53,23,'Very Few','2015-01-12','13:45'),(1,54,23,'Not Applicable','2015-01-12','13:45'),(1,55,23,'Very Few','2015-01-12','13:45'),(1,56,23,'High','2015-01-12','13:45'),(1,57,23,'Very Few','2015-01-12','13:45'),(1,58,23,'Not Applicable','2015-01-12','13:45'),(1,59,23,'Very Few','2015-01-12','13:45'),(1,60,23,'Very Few','2015-01-12','13:45'),(1,61,23,'Few','2015-01-12','13:45'),(1,62,23,'Few','2015-01-12','13:45'),(1,63,23,'Very Few','2015-01-12','13:45'),(1,64,23,'Very Few','2015-01-12','13:45'),(1,65,23,'Not Applicable','2015-01-12','13:45'),(1,66,23,'Not Applicable','2015-01-12','13:45'),(1,67,23,'Not Applicable','2015-01-12','13:45'),(1,68,23,'Very Few','2015-01-12','13:45'),(1,69,23,'Very Few','2015-01-12','13:45'),(1,70,23,'Very Few','2015-01-12','13:45'),(1,71,23,'Very Few','2015-01-12','13:45'),(1,72,23,'Few','2015-01-12','13:45'),(1,73,23,'Very Few','2015-01-12','13:45'),(1,74,23,'Few','2015-01-12','13:45'),(1,75,23,'Not Applicable','2015-01-12','13:45'),(1,76,23,'Not Applicable','2015-01-12','13:45'),(1,77,23,'Not Applicable','2015-01-12','13:45'),(1,1,22,'Medium','2015-01-13','04:05'),(1,2,22,'Few','2015-01-13','04:05'),(1,3,22,'Few','2015-01-13','04:05'),(1,4,22,'Not Applicable','2015-01-13','04:05'),(1,5,22,'Very Few','2015-01-13','04:05'),(1,6,22,'Few','2015-01-13','04:05'),(1,7,22,'Very Few','2015-01-13','04:05'),(1,8,22,'Not Applicable','2015-01-13','04:05'),(1,9,22,'Not Applicable','2015-01-13','04:05'),(1,10,22,'Few','2015-01-13','04:05'),(1,11,22,'Not Applicable','2015-01-13','04:05'),(1,12,22,'Not Applicable','2015-01-13','04:05'),(1,13,22,'Not Applicable','2015-01-13','04:05'),(1,14,22,'Not Applicable','2015-01-13','04:05'),(1,15,22,'Not Applicable','2015-01-13','04:05'),(1,16,22,'Few','2015-01-13','04:05'),(1,17,22,'Not Applicable','2015-01-13','04:05'),(1,18,22,'Few','2015-01-13','04:05'),(1,19,22,'Few','2015-01-13','04:05'),(1,20,22,'Few','2015-01-13','04:05'),(1,21,22,'Few','2015-01-13','04:05'),(1,22,22,'Not Applicable','2015-01-13','04:05'),(1,23,22,'Not Applicable','2015-01-13','04:05'),(1,24,22,'Not Applicable','2015-01-13','04:05'),(1,25,22,'Not Applicable','2015-01-13','04:05'),(1,26,22,'Few','2015-01-13','04:05'),(1,27,22,'Not Applicable','2015-01-13','04:05'),(1,28,22,'Not Applicable','2015-01-13','04:05'),(1,29,22,'Few','2015-01-13','04:05'),(1,30,22,'Not Applicable','2015-01-13','04:05'),(1,31,22,'Not Applicable','2015-01-13','04:05'),(1,32,22,'Few','2015-01-13','04:05'),(1,33,22,'Not Applicable','2015-01-13','04:05'),(1,34,22,'Very Few','2015-01-13','04:05'),(1,35,22,'Not Applicable','2015-01-13','04:05'),(1,36,22,'Not Applicable','2015-01-13','04:05'),(1,37,22,'Medium','2015-01-13','04:05'),(1,38,22,'Very Few','2015-01-13','04:05'),(1,39,22,'Medium','2015-01-13','04:05'),(1,40,22,'Few','2015-01-13','04:05'),(1,41,22,'Not Applicable','2015-01-13','04:05'),(1,42,22,'Not Applicable','2015-01-13','04:05'),(1,43,22,'Not Applicable','2015-01-13','04:05'),(1,44,22,'Not Applicable','2015-01-13','04:05'),(1,45,22,'Few','2015-01-13','04:05'),(1,46,22,'Medium','2015-01-13','04:05'),(1,47,22,'Not Applicable','2015-01-13','04:05'),(1,48,22,'Very Few','2015-01-13','04:05'),(1,49,22,'Not Applicable','2015-01-13','04:05'),(1,50,22,'Very Few','2015-01-13','04:05'),(1,51,22,'Not Applicable','2015-01-13','04:05'),(1,52,22,'Not Applicable','2015-01-13','04:05'),(1,53,22,'Not Applicable','2015-01-13','04:05'),(1,54,22,'Not Applicable','2015-01-13','04:05'),(1,55,22,'Not Applicable','2015-01-13','04:05'),(1,56,22,'Not Applicable','2015-01-13','04:05'),(1,57,22,'Not Applicable','2015-01-13','04:05'),(1,58,22,'Very Few','2015-01-13','04:05'),(1,59,22,'Few','2015-01-13','04:05'),(1,60,22,'Few','2015-01-13','04:05'),(1,61,22,'Few','2015-01-13','04:05'),(1,62,22,'Medium','2015-01-13','04:05'),(1,63,22,'Not Applicable','2015-01-13','04:05'),(1,64,22,'Few','2015-01-13','04:05'),(1,65,22,'Few','2015-01-13','04:05'),(1,66,22,'Medium','2015-01-13','04:05'),(1,67,22,'Medium','2015-01-13','04:05'),(1,68,22,'Few','2015-01-13','04:05'),(1,69,22,'Few','2015-01-13','04:05'),(1,70,22,'Not Applicable','2015-01-13','04:05'),(1,71,22,'Few','2015-01-13','04:05'),(1,72,22,'Few','2015-01-13','04:05'),(1,73,22,'Medium','2015-01-13','04:05'),(1,74,22,'Not Applicable','2015-01-13','04:05'),(1,75,22,'Few','2015-01-13','04:05'),(1,76,22,'Very Few','2015-01-13','04:05'),(1,77,22,'Very Few','2015-01-13','04:05'),(1,1,24,'High','2015-01-13','04:17'),(1,2,24,'High','2015-01-13','04:17'),(1,3,24,'Not Applicable','2015-01-13','04:17'),(1,4,24,'High','2015-01-13','04:17'),(1,5,24,'High','2015-01-13','04:17'),(1,6,24,'Few','2015-01-13','04:17'),(1,7,24,'High','2015-01-13','04:17'),(1,8,24,'Unknown','2015-01-13','04:17'),(1,9,24,'Unknown','2015-01-13','04:17'),(1,10,24,'High','2015-01-13','04:17'),(1,11,24,'Unknown','2015-01-13','04:17'),(1,12,24,'Unknown','2015-01-13','04:17'),(1,13,24,'High','2015-01-13','04:17'),(1,14,24,'Not Applicable','2015-01-13','04:17'),(1,15,24,'Not Applicable','2015-01-13','04:17'),(1,16,24,'Very High','2015-01-13','04:17'),(1,17,24,'Unknown','2015-01-13','04:17'),(1,18,24,'Few','2015-01-13','04:17'),(1,19,24,'Very High','2015-01-13','04:17'),(1,20,24,'Very High','2015-01-13','04:17'),(1,21,24,'Unknown','2015-01-13','04:17'),(1,22,24,'High','2015-01-13','04:17'),(1,23,24,'Very Few','2015-01-13','04:17'),(1,24,24,'Unknown','2015-01-13','04:17'),(1,25,24,'High','2015-01-13','04:17'),(1,26,24,'Unknown','2015-01-13','04:17'),(1,27,24,'High','2015-01-13','04:17'),(1,28,24,'Unknown','2015-01-13','04:17'),(1,29,24,'High','2015-01-13','04:17'),(1,30,24,'Unknown','2015-01-13','04:17'),(1,31,24,'Very High','2015-01-13','04:17'),(1,32,24,'Very High','2015-01-13','04:17'),(1,33,24,'Unknown','2015-01-13','04:17'),(1,34,24,'High','2015-01-13','04:17'),(1,35,24,'High','2015-01-13','04:17'),(1,36,24,'Unknown','2015-01-13','04:17'),(1,37,24,'Very Few','2015-01-13','04:17'),(1,38,24,'Few','2015-01-13','04:17'),(1,39,24,'High','2015-01-13','04:17'),(1,40,24,'Unknown','2015-01-13','04:17'),(1,41,24,'High','2015-01-13','04:17'),(1,42,24,'Very High','2015-01-13','04:17'),(1,43,24,'Few','2015-01-13','04:17'),(1,44,24,'Few','2015-01-13','04:17'),(1,45,24,'Unknown','2015-01-13','04:17'),(1,46,24,'High','2015-01-13','04:17'),(1,47,24,'High','2015-01-13','04:17'),(1,48,24,'Unknown','2015-01-13','04:17'),(1,49,24,'Very Few','2015-01-13','04:17'),(1,50,24,'Unknown','2015-01-13','04:17'),(1,51,24,'Unknown','2015-01-13','04:17'),(1,52,24,'Very Few','2015-01-13','04:17'),(1,53,24,'Unknown','2015-01-13','04:17'),(1,54,24,'Unknown','2015-01-13','04:17'),(1,55,24,'Very High','2015-01-13','04:17'),(1,56,24,'Very High','2015-01-13','04:17'),(1,57,24,'Unknown','2015-01-13','04:17'),(1,58,24,'High','2015-01-13','04:17'),(1,59,24,'Few','2015-01-13','04:17'),(1,60,24,'Few','2015-01-13','04:17'),(1,61,24,'Unknown','2015-01-13','04:17'),(1,62,24,'Few','2015-01-13','04:17'),(1,63,24,'Few','2015-01-13','04:17'),(1,64,24,'Unknown','2015-01-13','04:17'),(1,65,24,'Few','2015-01-13','04:17'),(1,66,24,'Very Few','2015-01-13','04:17'),(1,67,24,'Very Few','2015-01-13','04:17'),(1,68,24,'Very Few','2015-01-13','04:17'),(1,69,24,'High','2015-01-13','04:17'),(1,70,24,'Very Few','2015-01-13','04:17'),(1,71,24,'Few','2015-01-13','04:17'),(1,72,24,'High','2015-01-13','04:17'),(1,73,24,'High','2015-01-13','04:17'),(1,74,24,'Unknown','2015-01-13','04:17'),(1,75,24,'High','2015-01-13','04:17'),(1,76,24,'Unknown','2015-01-13','04:17'),(1,77,24,'Few','2015-01-13','04:17'),(1,1,22,'Medium','2015-01-13','04:24'),(1,2,22,'Few','2015-01-13','04:24'),(1,3,22,'Few','2015-01-13','04:24'),(1,4,22,'Not Applicable','2015-01-13','04:24'),(1,5,22,'Very Few','2015-01-13','04:24'),(1,6,22,'Few','2015-01-13','04:24'),(1,7,22,'Very Few','2015-01-13','04:24'),(1,8,22,'Not Applicable','2015-01-13','04:24'),(1,9,22,'Not Applicable','2015-01-13','04:24'),(1,10,22,'Few','2015-01-13','04:24'),(1,11,22,'Not Applicable','2015-01-13','04:24'),(1,12,22,'Not Applicable','2015-01-13','04:24'),(1,13,22,'Not Applicable','2015-01-13','04:24'),(1,14,22,'Not Applicable','2015-01-13','04:24'),(1,15,22,'Not Applicable','2015-01-13','04:24'),(1,16,22,'Few','2015-01-13','04:24'),(1,17,22,'Not Applicable','2015-01-13','04:24'),(1,18,22,'Few','2015-01-13','04:24'),(1,19,22,'Few','2015-01-13','04:24'),(1,20,22,'Few','2015-01-13','04:24'),(1,21,22,'Few','2015-01-13','04:24'),(1,22,22,'Not Applicable','2015-01-13','04:24'),(1,23,22,'Not Applicable','2015-01-13','04:24'),(1,24,22,'Not Applicable','2015-01-13','04:24'),(1,25,22,'Not Applicable','2015-01-13','04:24'),(1,26,22,'Few','2015-01-13','04:24'),(1,27,22,'Not Applicable','2015-01-13','04:24'),(1,28,22,'Not Applicable','2015-01-13','04:24'),(1,29,22,'Few','2015-01-13','04:24'),(1,30,22,'Not Applicable','2015-01-13','04:24'),(1,31,22,'Not Applicable','2015-01-13','04:24'),(1,32,22,'Few','2015-01-13','04:24'),(1,33,22,'Not Applicable','2015-01-13','04:24'),(1,34,22,'Very Few','2015-01-13','04:24'),(1,35,22,'Not Applicable','2015-01-13','04:24'),(1,36,22,'Not Applicable','2015-01-13','04:24'),(1,37,22,'Medium','2015-01-13','04:24'),(1,38,22,'Very Few','2015-01-13','04:24'),(1,39,22,'Medium','2015-01-13','04:24'),(1,40,22,'Few','2015-01-13','04:24'),(1,41,22,'Not Applicable','2015-01-13','04:24'),(1,42,22,'Not Applicable','2015-01-13','04:24'),(1,43,22,'Not Applicable','2015-01-13','04:24'),(1,44,22,'Not Applicable','2015-01-13','04:24'),(1,45,22,'Few','2015-01-13','04:24'),(1,46,22,'Medium','2015-01-13','04:24'),(1,47,22,'Not Applicable','2015-01-13','04:24'),(1,48,22,'Very Few','2015-01-13','04:24'),(1,49,22,'Not Applicable','2015-01-13','04:24'),(1,50,22,'Very Few','2015-01-13','04:24'),(1,51,22,'Not Applicable','2015-01-13','04:24'),(1,52,22,'Not Applicable','2015-01-13','04:24'),(1,53,22,'Not Applicable','2015-01-13','04:24'),(1,54,22,'Not Applicable','2015-01-13','04:24'),(1,55,22,'Not Applicable','2015-01-13','04:24'),(1,56,22,'Not Applicable','2015-01-13','04:24'),(1,57,22,'Not Applicable','2015-01-13','04:24'),(1,58,22,'Very Few','2015-01-13','04:24'),(1,59,22,'Few','2015-01-13','04:24'),(1,60,22,'Few','2015-01-13','04:24'),(1,61,22,'Few','2015-01-13','04:24'),(1,62,22,'Medium','2015-01-13','04:24'),(1,63,22,'Not Applicable','2015-01-13','04:24'),(1,64,22,'Few','2015-01-13','04:24'),(1,65,22,'Medium','2015-01-13','04:24'),(1,66,22,'Very High','2015-01-13','04:24'),(1,67,22,'High','2015-01-13','04:24'),(1,68,22,'Few','2015-01-13','04:24'),(1,69,22,'Few','2015-01-13','04:24'),(1,70,22,'Very Few','2015-01-13','04:24'),(1,71,22,'Few','2015-01-13','04:24'),(1,72,22,'Few','2015-01-13','04:24'),(1,73,22,'Very High','2015-01-13','04:24'),(1,74,22,'Few','2015-01-13','04:24'),(1,75,22,'Medium','2015-01-13','04:24'),(1,76,22,'Very Few','2015-01-13','04:24'),(1,77,22,'Medium','2015-01-13','04:24'),(3,117,25,'Unknown','2015-01-13','04:42'),(3,118,25,'High','2015-01-13','04:42'),(3,119,25,'Unknown','2015-01-13','04:42'),(3,120,25,'Unknown','2015-01-13','04:42'),(3,121,25,'Unknown','2015-01-13','04:42'),(3,122,25,'Unknown','2015-01-13','04:42'),(3,123,25,'Unknown','2015-01-13','04:42'),(3,124,25,'Unknown','2015-01-13','04:42'),(3,125,25,'Unknown','2015-01-13','04:42'),(3,126,25,'Unknown','2015-01-13','04:42'),(3,127,25,'Unknown','2015-01-13','04:42'),(3,128,25,'Unknown','2015-01-13','04:42'),(3,129,25,'Medium','2015-01-13','04:42'),(3,130,25,'Unknown','2015-01-13','04:42'),(3,131,25,'Unknown','2015-01-13','04:42'),(3,132,25,'Unknown','2015-01-13','04:42'),(3,133,25,'Unknown','2015-01-13','04:42'),(3,134,25,'Unknown','2015-01-13','04:42'),(3,135,25,'Unknown','2015-01-13','04:42'),(3,136,25,'Unknown','2015-01-13','04:42'),(3,137,25,'Unknown','2015-01-13','04:42'),(3,138,25,'Unknown','2015-01-13','04:42'),(3,139,25,'Unknown','2015-01-13','04:42'),(3,140,25,'Unknown','2015-01-13','04:42'),(3,141,25,'Unknown','2015-01-13','04:42'),(3,142,25,'Unknown','2015-01-13','04:42'),(3,143,25,'Unknown','2015-01-13','04:42'),(3,144,25,'Unknown','2015-01-13','04:42'),(3,145,25,'Medium','2015-01-13','04:42'),(3,146,25,'Unknown','2015-01-13','04:42'),(3,147,25,'Unknown','2015-01-13','04:42'),(3,148,25,'High','2015-01-13','04:42'),(3,149,25,'Unknown','2015-01-13','04:42'),(3,150,25,'High','2015-01-13','04:42'),(3,151,25,'Unknown','2015-01-13','04:42'),(3,152,25,'High','2015-01-13','04:42'),(3,153,25,'High','2015-01-13','04:42'),(3,154,25,'High','2015-01-13','04:42'),(3,155,25,'Unknown','2015-01-13','04:42'),(3,156,25,'Unknown','2015-01-13','04:42'),(3,157,25,'Unknown','2015-01-13','04:42'),(3,158,25,'Unknown','2015-01-13','04:42'),(3,159,25,'Unknown','2015-01-13','04:42'),(3,160,25,'High','2015-01-13','04:42'),(3,161,25,'High','2015-01-13','04:42'),(3,162,25,'High','2015-01-13','04:42'),(3,163,25,'Unknown','2015-01-13','04:42'),(3,164,25,'Unknown','2015-01-13','04:42'),(3,165,25,'High','2015-01-13','04:42'),(3,166,25,'High','2015-01-13','04:42'),(3,167,25,'High','2015-01-13','04:42'),(3,168,25,'High','2015-01-13','04:42'),(3,169,25,'Medium','2015-01-13','04:42'),(3,170,25,'Unknown','2015-01-13','04:42'),(3,171,25,'Medium','2015-01-13','04:42'),(3,172,25,'High','2015-01-13','04:42'),(3,173,25,'High','2015-01-13','04:42'),(3,174,25,'Unknown','2015-01-13','04:42'),(3,175,25,'Unknown','2015-01-13','04:42'),(3,176,25,'High','2015-01-13','04:42'),(3,177,25,'Unknown','2015-01-13','04:42'),(3,178,25,'Unknown','2015-01-13','04:42'),(3,179,25,'Unknown','2015-01-13','04:42'),(3,180,25,'High','2015-01-13','04:42'),(3,181,25,'Unknown','2015-01-13','04:42'),(3,182,25,'Unknown','2015-01-13','04:42'),(3,183,25,'Unknown','2015-01-13','04:42'),(3,184,25,'Unknown','2015-01-13','04:42'),(3,185,25,'Medium','2015-01-13','04:42'),(3,186,25,'Unknown','2015-01-13','04:42'),(3,187,25,'Unknown','2015-01-13','04:42'),(3,188,25,'Unknown','2015-01-13','04:42'),(3,189,25,'Unknown','2015-01-13','04:42'),(3,190,25,'Medium','2015-01-13','04:42'),(3,191,25,'Medium','2015-01-13','04:42'),(3,192,25,'Medium','2015-01-13','04:42'),(3,193,25,'Medium','2015-01-13','04:42'),(1,1,19,'Very High','2015-01-13','05:31'),(1,2,19,'Unknown','2015-01-13','05:31'),(1,3,19,'Unknown','2015-01-13','05:31'),(1,4,19,'Unknown','2015-01-13','05:31'),(1,5,19,'Unknown','2015-01-13','05:31'),(1,6,19,'Unknown','2015-01-13','05:31'),(1,7,19,'Unknown','2015-01-13','05:31'),(1,8,19,'Unknown','2015-01-13','05:31'),(1,9,19,'Unknown','2015-01-13','05:31'),(1,10,19,'Unknown','2015-01-13','05:31'),(1,11,19,'Unknown','2015-01-13','05:31'),(1,12,19,'Unknown','2015-01-13','05:31'),(1,13,19,'Unknown','2015-01-13','05:31'),(1,14,19,'Unknown','2015-01-13','05:31'),(1,15,19,'Unknown','2015-01-13','05:31'),(1,16,19,'Unknown','2015-01-13','05:31'),(1,17,19,'Unknown','2015-01-13','05:31'),(1,18,19,'Unknown','2015-01-13','05:31'),(1,19,19,'Unknown','2015-01-13','05:31'),(1,20,19,'Unknown','2015-01-13','05:31'),(1,21,19,'Unknown','2015-01-13','05:31'),(1,22,19,'Unknown','2015-01-13','05:31'),(1,23,19,'Unknown','2015-01-13','05:31'),(1,24,19,'Unknown','2015-01-13','05:31'),(1,25,19,'Unknown','2015-01-13','05:31'),(1,26,19,'Unknown','2015-01-13','05:31'),(1,27,19,'Unknown','2015-01-13','05:31'),(1,28,19,'Unknown','2015-01-13','05:31'),(1,29,19,'Unknown','2015-01-13','05:31'),(1,30,19,'Unknown','2015-01-13','05:31'),(1,31,19,'Unknown','2015-01-13','05:31'),(1,32,19,'Unknown','2015-01-13','05:31'),(1,33,19,'Unknown','2015-01-13','05:31'),(1,34,19,'Unknown','2015-01-13','05:31'),(1,35,19,'Unknown','2015-01-13','05:31'),(1,36,19,'Unknown','2015-01-13','05:31'),(1,37,19,'Unknown','2015-01-13','05:31'),(1,38,19,'Unknown','2015-01-13','05:31'),(1,39,19,'Unknown','2015-01-13','05:31'),(1,40,19,'Unknown','2015-01-13','05:31'),(1,41,19,'Unknown','2015-01-13','05:31'),(1,42,19,'Unknown','2015-01-13','05:31'),(1,43,19,'Unknown','2015-01-13','05:31'),(1,44,19,'Unknown','2015-01-13','05:31'),(1,45,19,'Unknown','2015-01-13','05:31'),(1,46,19,'Unknown','2015-01-13','05:31'),(1,47,19,'Unknown','2015-01-13','05:31'),(1,48,19,'Unknown','2015-01-13','05:31'),(1,49,19,'Unknown','2015-01-13','05:31'),(1,50,19,'Unknown','2015-01-13','05:31'),(1,51,19,'Unknown','2015-01-13','05:31'),(1,52,19,'Unknown','2015-01-13','05:31'),(1,53,19,'Unknown','2015-01-13','05:31'),(1,54,19,'Unknown','2015-01-13','05:31'),(1,55,19,'Unknown','2015-01-13','05:31'),(1,56,19,'Unknown','2015-01-13','05:31'),(1,57,19,'Unknown','2015-01-13','05:31'),(1,58,19,'Unknown','2015-01-13','05:31'),(1,59,19,'Unknown','2015-01-13','05:31'),(1,60,19,'Unknown','2015-01-13','05:31'),(1,61,19,'Unknown','2015-01-13','05:31'),(1,62,19,'Unknown','2015-01-13','05:31'),(1,63,19,'Unknown','2015-01-13','05:31'),(1,64,19,'Unknown','2015-01-13','05:31'),(1,65,19,'Unknown','2015-01-13','05:31'),(1,66,19,'Unknown','2015-01-13','05:31'),(1,67,19,'Unknown','2015-01-13','05:31'),(1,68,19,'Unknown','2015-01-13','05:31'),(1,69,19,'Unknown','2015-01-13','05:31'),(1,70,19,'Unknown','2015-01-13','05:31'),(1,71,19,'Unknown','2015-01-13','05:31'),(1,72,19,'Unknown','2015-01-13','05:31'),(1,73,19,'Unknown','2015-01-13','05:31'),(1,74,19,'Unknown','2015-01-13','05:31'),(1,75,19,'Unknown','2015-01-13','05:31'),(1,76,19,'Unknown','2015-01-13','05:31'),(1,77,19,'Unknown','2015-01-13','05:31'),(1,1,19,'Very High','2015-01-13','05:36'),(1,2,19,'Unknown','2015-01-13','05:36'),(1,3,19,'High','2015-01-13','05:36'),(1,4,19,'Very High','2015-01-13','05:36'),(1,5,19,'Very High','2015-01-13','05:36'),(1,6,19,'Few','2015-01-13','05:36'),(1,7,19,'Very High','2015-01-13','05:36'),(1,8,19,'Unknown','2015-01-13','05:36'),(1,9,19,'Very Few','2015-01-13','05:36'),(1,10,19,'Unknown','2015-01-13','05:36'),(1,11,19,'Unknown','2015-01-13','05:36'),(1,12,19,'High','2015-01-13','05:36'),(1,13,19,'Few','2015-01-13','05:36'),(1,14,19,'Unknown','2015-01-13','05:36'),(1,15,19,'High','2015-01-13','05:36'),(1,16,19,'Very High','2015-01-13','05:36'),(1,17,19,'Very Few','2015-01-13','05:36'),(1,18,19,'High','2015-01-13','05:36'),(1,19,19,'Very High','2015-01-13','05:36'),(1,20,19,'Medium','2015-01-13','05:36'),(1,21,19,'Few','2015-01-13','05:36'),(1,22,19,'Unknown','2015-01-13','05:36'),(1,23,19,'Few','2015-01-13','05:36'),(1,24,19,'Few','2015-01-13','05:36'),(1,25,19,'Medium','2015-01-13','05:36'),(1,26,19,'Very High','2015-01-13','05:36'),(1,27,19,'Very High','2015-01-13','05:36'),(1,28,19,'High','2015-01-13','05:36'),(1,29,19,'Medium','2015-01-13','05:36'),(1,30,19,'Unknown','2015-01-13','05:36'),(1,31,19,'Unknown','2015-01-13','05:36'),(1,32,19,'High','2015-01-13','05:36'),(1,33,19,'Medium','2015-01-13','05:36'),(1,34,19,'High','2015-01-13','05:36'),(1,35,19,'Medium','2015-01-13','05:36'),(1,36,19,'Few','2015-01-13','05:36'),(1,37,19,'Unknown','2015-01-13','05:36'),(1,38,19,'Unknown','2015-01-13','05:36'),(1,39,19,'Unknown','2015-01-13','05:36'),(1,40,19,'Unknown','2015-01-13','05:36'),(1,41,19,'Unknown','2015-01-13','05:36'),(1,42,19,'Unknown','2015-01-13','05:36'),(1,43,19,'Unknown','2015-01-13','05:36'),(1,44,19,'Unknown','2015-01-13','05:36'),(1,45,19,'Unknown','2015-01-13','05:36'),(1,46,19,'Unknown','2015-01-13','05:36'),(1,47,19,'Unknown','2015-01-13','05:36'),(1,48,19,'Unknown','2015-01-13','05:36'),(1,49,19,'Unknown','2015-01-13','05:36'),(1,50,19,'Unknown','2015-01-13','05:36'),(1,51,19,'Unknown','2015-01-13','05:36'),(1,52,19,'Unknown','2015-01-13','05:36'),(1,53,19,'Unknown','2015-01-13','05:36'),(1,54,19,'Unknown','2015-01-13','05:36'),(1,55,19,'Unknown','2015-01-13','05:36'),(1,56,19,'Unknown','2015-01-13','05:36'),(1,57,19,'Unknown','2015-01-13','05:36'),(1,58,19,'Unknown','2015-01-13','05:36'),(1,59,19,'Unknown','2015-01-13','05:36'),(1,60,19,'Unknown','2015-01-13','05:36'),(1,61,19,'Unknown','2015-01-13','05:36'),(1,62,19,'Unknown','2015-01-13','05:36'),(1,63,19,'Unknown','2015-01-13','05:36'),(1,64,19,'Unknown','2015-01-13','05:36'),(1,65,19,'Unknown','2015-01-13','05:36'),(1,66,19,'Unknown','2015-01-13','05:36'),(1,67,19,'Unknown','2015-01-13','05:36'),(1,68,19,'Unknown','2015-01-13','05:36'),(1,69,19,'Unknown','2015-01-13','05:36'),(1,70,19,'Unknown','2015-01-13','05:36'),(1,71,19,'Unknown','2015-01-13','05:36'),(1,72,19,'Unknown','2015-01-13','05:36'),(1,73,19,'Unknown','2015-01-13','05:36'),(1,74,19,'Unknown','2015-01-13','05:36'),(1,75,19,'Unknown','2015-01-13','05:36'),(1,76,19,'Unknown','2015-01-13','05:36'),(1,77,19,'Unknown','2015-01-13','05:36'),(1,1,26,'Unknown','2015-01-13','04:18'),(1,2,26,'Unknown','2015-01-13','04:18'),(1,3,26,'Few','2015-01-13','04:18'),(1,4,26,'Medium','2015-01-13','04:18'),(1,5,26,'Unknown','2015-01-13','04:18'),(1,6,26,'Unknown','2015-01-13','04:18'),(1,7,26,'Unknown','2015-01-13','04:18'),(1,8,26,'Medium','2015-01-13','04:18'),(1,9,26,'Unknown','2015-01-13','04:18'),(1,10,26,'Unknown','2015-01-13','04:18'),(1,11,26,'Unknown','2015-01-13','04:18'),(1,12,26,'Unknown','2015-01-13','04:18'),(1,13,26,'Unknown','2015-01-13','04:18'),(1,14,26,'Unknown','2015-01-13','04:18'),(1,15,26,'High','2015-01-13','04:18'),(1,16,26,'Unknown','2015-01-13','04:18'),(1,17,26,'Unknown','2015-01-13','04:18'),(1,18,26,'Unknown','2015-01-13','04:18'),(1,19,26,'Unknown','2015-01-13','04:18'),(1,20,26,'Very High','2015-01-13','04:18'),(1,21,26,'Unknown','2015-01-13','04:18'),(1,22,26,'Unknown','2015-01-13','04:18'),(1,23,26,'Unknown','2015-01-13','04:18'),(1,24,26,'Unknown','2015-01-13','04:18'),(1,25,26,'Unknown','2015-01-13','04:18'),(1,26,26,'Unknown','2015-01-13','04:18'),(1,27,26,'High','2015-01-13','04:18'),(1,28,26,'Unknown','2015-01-13','04:18'),(1,29,26,'High','2015-01-13','04:18'),(1,30,26,'Unknown','2015-01-13','04:18'),(1,31,26,'Unknown','2015-01-13','04:18'),(1,32,26,'Unknown','2015-01-13','04:18'),(1,33,26,'Unknown','2015-01-13','04:18'),(1,34,26,'Unknown','2015-01-13','04:18'),(1,35,26,'Medium','2015-01-13','04:18'),(1,36,26,'Unknown','2015-01-13','04:18'),(1,37,26,'Medium','2015-01-13','04:18'),(1,38,26,'High','2015-01-13','04:18'),(1,39,26,'Unknown','2015-01-13','04:18'),(1,40,26,'Unknown','2015-01-13','04:18'),(1,41,26,'Few','2015-01-13','04:18'),(1,42,26,'Unknown','2015-01-13','04:18'),(1,43,26,'Unknown','2015-01-13','04:18'),(1,44,26,'Very Few','2015-01-13','04:18'),(1,45,26,'Few','2015-01-13','04:18'),(1,46,26,'High','2015-01-13','04:18'),(1,47,26,'High','2015-01-13','04:18'),(1,48,26,'Unknown','2015-01-13','04:18'),(1,49,26,'Unknown','2015-01-13','04:18'),(1,50,26,'Few','2015-01-13','04:18'),(1,51,26,'Medium','2015-01-13','04:18'),(1,52,26,'Few','2015-01-13','04:18'),(1,53,26,'Unknown','2015-01-13','04:18'),(1,54,26,'High','2015-01-13','04:18'),(1,55,26,'High','2015-01-13','04:18'),(1,56,26,'Unknown','2015-01-13','04:18'),(1,57,26,'Unknown','2015-01-13','04:18'),(1,58,26,'High','2015-01-13','04:18'),(1,59,26,'Unknown','2015-01-13','04:18'),(1,60,26,'Unknown','2015-01-13','04:18'),(1,61,26,'Unknown','2015-01-13','04:18'),(1,62,26,'Unknown','2015-01-13','04:18'),(1,63,26,'Unknown','2015-01-13','04:18'),(1,64,26,'Unknown','2015-01-13','04:18'),(1,65,26,'Unknown','2015-01-13','04:18'),(1,66,26,'High','2015-01-13','04:18'),(1,67,26,'Unknown','2015-01-13','04:18'),(1,68,26,'Unknown','2015-01-13','04:18'),(1,69,26,'Medium','2015-01-13','04:18'),(1,70,26,'Unknown','2015-01-13','04:18'),(1,71,26,'Unknown','2015-01-13','04:18'),(1,72,26,'Unknown','2015-01-13','04:18'),(1,73,26,'High','2015-01-13','04:18'),(1,74,26,'Unknown','2015-01-13','04:18'),(1,75,26,'Unknown','2015-01-13','04:18'),(1,76,26,'Unknown','2015-01-13','04:18'),(1,77,26,'Unknown','2015-01-13','04:18'),(1,1,19,'Very High','2015-01-13','05:54'),(1,2,19,'Unknown','2015-01-13','05:54'),(1,3,19,'High','2015-01-13','05:54'),(1,4,19,'Very High','2015-01-13','05:54'),(1,5,19,'Very High','2015-01-13','05:54'),(1,6,19,'Few','2015-01-13','05:54'),(1,7,19,'Very High','2015-01-13','05:54'),(1,8,19,'Unknown','2015-01-13','05:54'),(1,9,19,'Very Few','2015-01-13','05:54'),(1,10,19,'Unknown','2015-01-13','05:54'),(1,11,19,'Unknown','2015-01-13','05:54'),(1,12,19,'High','2015-01-13','05:54'),(1,1,27,'Unknown','2015-01-13','06:06'),(1,2,27,'Unknown','2015-01-13','06:06'),(1,3,27,'Unknown','2015-01-13','06:06'),(1,4,27,'Unknown','2015-01-13','06:06'),(1,5,27,'Unknown','2015-01-13','06:06'),(1,6,27,'Unknown','2015-01-13','06:06'),(1,7,27,'Unknown','2015-01-13','06:06'),(1,8,27,'Unknown','2015-01-13','06:06'),(1,9,27,'Medium','2015-01-13','06:06'),(1,10,27,'Unknown','2015-01-13','06:06'),(1,11,27,'Unknown','2015-01-13','06:06'),(1,12,27,'Unknown','2015-01-13','06:06'),(1,13,27,'Unknown','2015-01-13','06:06'),(1,14,27,'Unknown','2015-01-13','06:06'),(1,15,27,'Unknown','2015-01-13','06:06'),(1,16,27,'Very Few','2015-01-13','06:06'),(1,17,27,'Unknown','2015-01-13','06:06'),(1,18,27,'Unknown','2015-01-13','06:06'),(1,19,27,'Unknown','2015-01-13','06:06'),(1,20,27,'Very Few','2015-01-13','06:06'),(1,21,27,'Very Few','2015-01-13','06:06'),(1,22,27,'Unknown','2015-01-13','06:06'),(1,23,27,'Few','2015-01-13','06:06'),(1,24,27,'Unknown','2015-01-13','06:06'),(1,25,27,'Unknown','2015-01-13','06:06'),(1,26,27,'Unknown','2015-01-13','06:06'),(1,27,27,'Unknown','2015-01-13','06:06'),(1,28,27,'Unknown','2015-01-13','06:06'),(1,29,27,'Very Few','2015-01-13','06:06'),(1,30,27,'Very Few','2015-01-13','06:06'),(1,31,27,'Unknown','2015-01-13','06:06'),(1,32,27,'Unknown','2015-01-13','06:06'),(1,33,27,'Unknown','2015-01-13','06:06'),(1,34,27,'Unknown','2015-01-13','06:06'),(1,35,27,'Unknown','2015-01-13','06:06'),(1,36,27,'Unknown','2015-01-13','06:06'),(1,37,27,'Very Few','2015-01-13','06:06'),(1,38,27,'Very Few','2015-01-13','06:06'),(1,39,27,'Unknown','2015-01-13','06:06'),(1,40,27,'Very Few','2015-01-13','06:06'),(1,41,27,'Unknown','2015-01-13','06:06'),(1,42,27,'Unknown','2015-01-13','06:06'),(1,43,27,'Unknown','2015-01-13','06:06'),(1,44,27,'Unknown','2015-01-13','06:06'),(1,45,27,'Unknown','2015-01-13','06:06'),(1,46,27,'Unknown','2015-01-13','06:06'),(1,47,27,'Unknown','2015-01-13','06:06'),(1,48,27,'Unknown','2015-01-13','06:06'),(1,49,27,'Unknown','2015-01-13','06:06'),(1,50,27,'Unknown','2015-01-13','06:06'),(1,51,27,'Unknown','2015-01-13','06:06'),(1,52,27,'Unknown','2015-01-13','06:06'),(1,53,27,'Unknown','2015-01-13','06:06'),(1,54,27,'Unknown','2015-01-13','06:06'),(1,55,27,'Unknown','2015-01-13','06:06'),(1,56,27,'Unknown','2015-01-13','06:06'),(1,57,27,'Unknown','2015-01-13','06:06'),(1,58,27,'Unknown','2015-01-13','06:06'),(1,59,27,'Unknown','2015-01-13','06:06'),(1,60,27,'Unknown','2015-01-13','06:06'),(1,61,27,'Unknown','2015-01-13','06:06'),(1,62,27,'Medium','2015-01-13','06:06'),(1,63,27,'Very Few','2015-01-13','06:06'),(1,64,27,'Unknown','2015-01-13','06:06'),(1,65,27,'Unknown','2015-01-13','06:06'),(1,66,27,'Unknown','2015-01-13','06:06'),(1,67,27,'Unknown','2015-01-13','06:06'),(1,68,27,'Unknown','2015-01-13','06:06'),(1,69,27,'Very Few','2015-01-13','06:06'),(1,70,27,'Unknown','2015-01-13','06:06'),(1,71,27,'High','2015-01-13','06:06'),(1,72,27,'Unknown','2015-01-13','06:06'),(1,73,27,'Unknown','2015-01-13','06:06'),(1,74,27,'Unknown','2015-01-13','06:06'),(1,75,27,'Unknown','2015-01-13','06:06'),(1,76,27,'High','2015-01-13','06:06'),(1,77,27,'Unknown','2015-01-13','06:06'),(1,1,22,'Medium','2015-01-13','06:15'),(1,2,22,'Few','2015-01-13','06:15'),(1,3,22,'Few','2015-01-13','06:15'),(1,4,22,'Unknown','2015-01-13','06:15'),(1,5,22,'Very Few','2015-01-13','06:15'),(1,6,22,'Few','2015-01-13','06:15'),(1,7,22,'Very Few','2015-01-13','06:15'),(1,8,22,'Unknown','2015-01-13','06:15'),(1,9,22,'Unknown','2015-01-13','06:15'),(1,10,22,'Few','2015-01-13','06:15'),(1,11,22,'Unknown','2015-01-13','06:15'),(1,12,22,'Unknown','2015-01-13','06:15'),(1,13,22,'Unknown','2015-01-13','06:15'),(1,14,22,'Unknown','2015-01-13','06:15'),(1,15,22,'Unknown','2015-01-13','06:15'),(1,16,22,'Few','2015-01-13','06:15'),(1,17,22,'Unknown','2015-01-13','06:15'),(1,18,22,'Few','2015-01-13','06:15'),(1,19,22,'Few','2015-01-13','06:15'),(1,20,22,'Few','2015-01-13','06:15'),(1,21,22,'Few','2015-01-13','06:15'),(1,22,22,'Unknown','2015-01-13','06:15'),(1,23,22,'Unknown','2015-01-13','06:15'),(1,24,22,'Unknown','2015-01-13','06:15'),(1,25,22,'Unknown','2015-01-13','06:15'),(1,26,22,'Few','2015-01-13','06:15'),(1,27,22,'Unknown','2015-01-13','06:15'),(1,28,22,'Unknown','2015-01-13','06:15'),(1,29,22,'Few','2015-01-13','06:15'),(1,30,22,'Unknown','2015-01-13','06:15'),(1,31,22,'Unknown','2015-01-13','06:15'),(1,32,22,'Few','2015-01-13','06:15'),(1,33,22,'Unknown','2015-01-13','06:15'),(1,34,22,'Very Few','2015-01-13','06:15'),(1,35,22,'Unknown','2015-01-13','06:15'),(1,36,22,'Unknown','2015-01-13','06:15'),(1,37,22,'Medium','2015-01-13','06:15'),(1,38,22,'Very Few','2015-01-13','06:15'),(1,39,22,'Medium','2015-01-13','06:15'),(1,40,22,'Few','2015-01-13','06:15'),(1,41,22,'Unknown','2015-01-13','06:15'),(1,42,22,'Unknown','2015-01-13','06:15'),(1,43,22,'Unknown','2015-01-13','06:15'),(1,44,22,'Unknown','2015-01-13','06:15'),(1,45,22,'Few','2015-01-13','06:15'),(1,46,22,'Medium','2015-01-13','06:15'),(1,47,22,'Unknown','2015-01-13','06:15'),(1,48,22,'Very Few','2015-01-13','06:15'),(1,49,22,'Unknown','2015-01-13','06:15'),(1,50,22,'Very Few','2015-01-13','06:15'),(1,51,22,'Unknown','2015-01-13','06:15'),(1,52,22,'Unknown','2015-01-13','06:15'),(1,53,22,'Unknown','2015-01-13','06:15'),(1,54,22,'Unknown','2015-01-13','06:15'),(1,55,22,'Unknown','2015-01-13','06:15'),(1,56,22,'Unknown','2015-01-13','06:15'),(1,57,22,'Unknown','2015-01-13','06:15'),(1,58,22,'Very Few','2015-01-13','06:15'),(1,59,22,'Few','2015-01-13','06:15'),(1,60,22,'Few','2015-01-13','06:15'),(1,61,22,'Few','2015-01-13','06:15'),(1,62,22,'Medium','2015-01-13','06:15'),(1,63,22,'Unknown','2015-01-13','06:15'),(1,64,22,'Few','2015-01-13','06:15'),(1,65,22,'Medium','2015-01-13','06:15'),(1,66,22,'Very High','2015-01-13','06:15'),(1,67,22,'High','2015-01-13','06:15'),(1,68,22,'Few','2015-01-13','06:15'),(1,69,22,'Few','2015-01-13','06:15'),(1,70,22,'Very Few','2015-01-13','06:15'),(1,71,22,'Few','2015-01-13','06:15'),(1,72,22,'Few','2015-01-13','06:15'),(1,73,22,'Very High','2015-01-13','06:15'),(1,74,22,'Few','2015-01-13','06:15'),(1,75,22,'Medium','2015-01-13','06:15'),(1,76,22,'Very Few','2015-01-13','06:15'),(1,77,22,'Medium','2015-01-13','06:15'),(1,1,28,'Unknown','2015-01-13','06:14'),(1,2,28,'Medium','2015-01-13','06:14'),(1,3,28,'Medium','2015-01-13','06:14'),(1,4,28,'Medium','2015-01-13','06:14'),(1,5,28,'High','2015-01-13','06:14'),(1,6,28,'Unknown','2015-01-13','06:14'),(1,7,28,'Unknown','2015-01-13','06:14'),(1,8,28,'Medium','2015-01-13','06:14'),(1,9,28,'Unknown','2015-01-13','06:14'),(1,10,28,'Unknown','2015-01-13','06:14'),(1,11,28,'Very High','2015-01-13','06:14'),(1,12,28,'Unknown','2015-01-13','06:14'),(1,13,28,'High','2015-01-13','06:14'),(1,14,28,'Unknown','2015-01-13','06:14'),(1,15,28,'Very High','2015-01-13','06:14'),(1,16,28,'Unknown','2015-01-13','06:14'),(1,17,28,'Medium','2015-01-13','06:14'),(1,18,28,'Unknown','2015-01-13','06:14'),(1,19,28,'High','2015-01-13','06:14'),(1,20,28,'Very High','2015-01-13','06:14'),(1,21,28,'Unknown','2015-01-13','06:14'),(1,22,28,'Unknown','2015-01-13','06:14'),(1,23,28,'Unknown','2015-01-13','06:14'),(1,24,28,'Unknown','2015-01-13','06:14'),(1,25,28,'Very High','2015-01-13','06:14'),(1,26,28,'Unknown','2015-01-13','06:14'),(1,27,28,'Very High','2015-01-13','06:14'),(1,28,28,'Unknown','2015-01-13','06:14'),(1,29,28,'Very High','2015-01-13','06:14'),(1,30,28,'Unknown','2015-01-13','06:14'),(1,31,28,'Unknown','2015-01-13','06:14'),(1,32,28,'Very High','2015-01-13','06:14'),(1,33,28,'Unknown','2015-01-13','06:14'),(1,34,28,'Very High','2015-01-13','06:14'),(1,35,28,'High','2015-01-13','06:14'),(1,36,28,'Very High','2015-01-13','06:14'),(1,37,28,'Very High','2015-01-13','06:14'),(1,38,28,'Medium','2015-01-13','06:14'),(1,39,28,'Unknown','2015-01-13','06:14'),(1,40,28,'Unknown','2015-01-13','06:14'),(1,41,28,'Unknown','2015-01-13','06:14'),(1,42,28,'Unknown','2015-01-13','06:14'),(1,43,28,'Unknown','2015-01-13','06:14'),(1,44,28,'Unknown','2015-01-13','06:14'),(1,45,28,'Very High','2015-01-13','06:14'),(1,46,28,'Very High','2015-01-13','06:14'),(1,47,28,'Very High','2015-01-13','06:14'),(1,48,28,'Very High','2015-01-13','06:14'),(1,49,28,'Unknown','2015-01-13','06:14'),(1,50,28,'Very High','2015-01-13','06:14'),(1,51,28,'Medium','2015-01-13','06:14'),(1,52,28,'Very High','2015-01-13','06:14'),(1,53,28,'Unknown','2015-01-13','06:14'),(1,54,28,'Unknown','2015-01-13','06:14'),(1,55,28,'High','2015-01-13','06:14'),(1,56,28,'High','2015-01-13','06:14'),(1,57,28,'Unknown','2015-01-13','06:14'),(1,58,28,'High','2015-01-13','06:14'),(1,59,28,'Unknown','2015-01-13','06:14'),(1,60,28,'High','2015-01-13','06:14'),(1,61,28,'Unknown','2015-01-13','06:14'),(1,62,28,'Unknown','2015-01-13','06:14'),(1,63,28,'High','2015-01-13','06:14'),(1,64,28,'High','2015-01-13','06:14'),(1,65,28,'High','2015-01-13','06:14'),(1,66,28,'Unknown','2015-01-13','06:14'),(1,67,28,'Unknown','2015-01-13','06:14'),(1,68,28,'Very High','2015-01-13','06:14'),(1,69,28,'High','2015-01-13','06:14'),(1,70,28,'Unknown','2015-01-13','06:14'),(1,71,28,'Unknown','2015-01-13','06:14'),(1,72,28,'High','2015-01-13','06:14'),(1,73,28,'High','2015-01-13','06:14'),(1,74,28,'High','2015-01-13','06:14'),(1,75,28,'Very High','2015-01-13','06:14'),(1,76,28,'Unknown','2015-01-13','06:14'),(1,77,28,'High','2015-01-13','06:14'),(1,1,19,'Very High','2015-01-13','06:05'),(1,2,19,'Unknown','2015-01-13','06:05'),(1,3,19,'High','2015-01-13','06:05'),(1,4,19,'Very High','2015-01-13','06:05'),(1,5,19,'Very High','2015-01-13','06:05'),(1,6,19,'Few','2015-01-13','06:05'),(1,7,19,'Very High','2015-01-13','06:05'),(1,8,19,'Unknown','2015-01-13','06:05'),(1,9,19,'Very Few','2015-01-13','06:05'),(1,10,19,'Unknown','2015-01-13','06:05'),(1,11,19,'Unknown','2015-01-13','06:05'),(1,12,19,'High','2015-01-13','06:05'),(1,13,19,'Few','2015-01-13','06:05'),(1,14,19,'Unknown','2015-01-13','06:05'),(1,15,19,'High','2015-01-13','06:05'),(1,16,19,'Very High','2015-01-13','06:05'),(1,17,19,'Very Few','2015-01-13','06:05'),(1,18,19,'High','2015-01-13','06:05'),(1,19,19,'Very High','2015-01-13','06:05'),(1,20,19,'Medium','2015-01-13','06:05'),(1,21,19,'Few','2015-01-13','06:05'),(1,22,19,'Unknown','2015-01-13','06:05'),(1,23,19,'Few','2015-01-13','06:05'),(1,24,19,'Few','2015-01-13','06:05'),(1,25,19,'Medium','2015-01-13','06:05'),(1,26,19,'Very High','2015-01-13','06:05'),(1,27,19,'Very High','2015-01-13','06:05'),(1,28,19,'High','2015-01-13','06:05'),(1,29,19,'Medium','2015-01-13','06:05'),(1,30,19,'Unknown','2015-01-13','06:05'),(1,31,19,'Unknown','2015-01-13','06:05'),(1,32,19,'High','2015-01-13','06:05'),(1,33,19,'Medium','2015-01-13','06:05'),(1,34,19,'High','2015-01-13','06:05'),(1,35,19,'Medium','2015-01-13','06:05'),(1,1,19,'Very High','2015-01-13','06:05'),(1,2,19,'Unknown','2015-01-13','06:05'),(1,3,19,'High','2015-01-13','06:05'),(1,4,19,'Very High','2015-01-13','06:05'),(1,5,19,'Very High','2015-01-13','06:05'),(1,6,19,'Few','2015-01-13','06:05'),(1,7,19,'Very High','2015-01-13','06:05'),(1,8,19,'Unknown','2015-01-13','06:05'),(1,9,19,'Very Few','2015-01-13','06:05'),(1,10,19,'Unknown','2015-01-13','06:05'),(1,11,19,'Unknown','2015-01-13','06:05'),(1,12,19,'High','2015-01-13','06:05'),(1,13,19,'Few','2015-01-13','06:05'),(1,14,19,'Unknown','2015-01-13','06:05'),(1,15,19,'High','2015-01-13','06:05'),(1,16,19,'Very High','2015-01-13','06:05'),(1,17,19,'Very Few','2015-01-13','06:05'),(1,18,19,'High','2015-01-13','06:05'),(1,19,19,'Very High','2015-01-13','06:05'),(1,20,19,'Medium','2015-01-13','06:05'),(1,1,29,'Unknown','2015-01-12','23:47'),(1,2,29,'Unknown','2015-01-12','23:47'),(1,3,29,'Very High','2015-01-12','23:47'),(1,4,29,'Very High','2015-01-12','23:47'),(1,5,29,'Few','2015-01-12','23:47'),(1,6,29,'Unknown','2015-01-12','23:47'),(1,7,29,'Very Few','2015-01-12','23:47'),(1,8,29,'Unknown','2015-01-12','23:47'),(1,9,29,'Few','2015-01-12','23:47'),(1,10,29,'Unknown','2015-01-12','23:47'),(1,11,29,'Unknown','2015-01-12','23:47'),(1,12,29,'Unknown','2015-01-12','23:47'),(1,13,29,'Unknown','2015-01-12','23:47'),(1,14,29,'Unknown','2015-01-12','23:47'),(1,15,29,'Unknown','2015-01-12','23:47'),(1,16,29,'Unknown','2015-01-12','23:47'),(1,17,29,'Few','2015-01-12','23:47'),(1,18,29,'Very High','2015-01-12','23:47'),(1,19,29,'Unknown','2015-01-12','23:47'),(1,20,29,'Unknown','2015-01-12','23:47'),(1,21,29,'Unknown','2015-01-12','23:47'),(1,22,29,'Unknown','2015-01-12','23:47'),(1,23,29,'Unknown','2015-01-12','23:47'),(1,24,29,'Unknown','2015-01-12','23:47'),(1,25,29,'Unknown','2015-01-12','23:47'),(1,26,29,'Very High','2015-01-12','23:47'),(1,27,29,'Unknown','2015-01-12','23:47'),(1,28,29,'Unknown','2015-01-12','23:47'),(1,29,29,'High','2015-01-12','23:47'),(1,30,29,'Unknown','2015-01-12','23:47'),(1,31,29,'Unknown','2015-01-12','23:47'),(1,32,29,'Very Few','2015-01-12','23:47'),(1,33,29,'Very Few','2015-01-12','23:47'),(1,34,29,'Medium','2015-01-12','23:47'),(1,35,29,'Medium','2015-01-12','23:47'),(1,36,29,'High','2015-01-12','23:47'),(1,37,29,'Unknown','2015-01-12','23:47'),(1,38,29,'Unknown','2015-01-12','23:47'),(1,39,29,'Unknown','2015-01-12','23:47'),(1,40,29,'Unknown','2015-01-12','23:47'),(1,41,29,'Unknown','2015-01-12','23:47'),(1,42,29,'Unknown','2015-01-12','23:47'),(1,43,29,'Unknown','2015-01-12','23:47'),(1,44,29,'Unknown','2015-01-12','23:47'),(1,45,29,'Unknown','2015-01-12','23:47'),(1,46,29,'Unknown','2015-01-12','23:47'),(1,47,29,'Unknown','2015-01-12','23:47'),(1,48,29,'Unknown','2015-01-12','23:47'),(1,49,29,'Unknown','2015-01-12','23:47'),(1,50,29,'Unknown','2015-01-12','23:47'),(1,51,29,'Unknown','2015-01-12','23:47'),(1,52,29,'Unknown','2015-01-12','23:47'),(1,53,29,'Unknown','2015-01-12','23:47'),(1,54,29,'Unknown','2015-01-12','23:47'),(1,55,29,'Unknown','2015-01-12','23:47'),(1,56,29,'Unknown','2015-01-12','23:47'),(1,57,29,'Unknown','2015-01-12','23:47'),(1,58,29,'Unknown','2015-01-12','23:47'),(1,59,29,'Unknown','2015-01-12','23:47'),(1,60,29,'Unknown','2015-01-12','23:47'),(1,61,29,'Unknown','2015-01-12','23:47'),(1,62,29,'Unknown','2015-01-12','23:47'),(1,63,29,'Unknown','2015-01-12','23:47'),(1,64,29,'Unknown','2015-01-12','23:47'),(1,65,29,'Unknown','2015-01-12','23:47'),(1,66,29,'Unknown','2015-01-12','23:47'),(1,67,29,'Unknown','2015-01-12','23:47'),(1,68,29,'Unknown','2015-01-12','23:47'),(1,69,29,'Unknown','2015-01-12','23:47'),(1,70,29,'Unknown','2015-01-12','23:47'),(1,71,29,'Unknown','2015-01-12','23:47'),(1,72,29,'Unknown','2015-01-12','23:47'),(1,73,29,'Unknown','2015-01-12','23:47'),(1,74,29,'Unknown','2015-01-12','23:47'),(1,75,29,'Unknown','2015-01-12','23:47'),(1,76,29,'Unknown','2015-01-12','23:47'),(1,77,29,'Unknown','2015-01-12','23:47'),(1,1,30,'Very High','2015-01-13','06:42'),(1,2,30,'Very High','2015-01-13','06:42'),(1,3,30,'Very High','2015-01-13','06:42'),(1,4,30,'Unknown','2015-01-13','06:42'),(1,5,30,'Unknown','2015-01-13','06:42'),(1,6,30,'Very High','2015-01-13','06:42'),(1,7,30,'Unknown','2015-01-13','06:42'),(1,8,30,'Very High','2015-01-13','06:42'),(1,9,30,'Unknown','2015-01-13','06:42'),(1,10,30,'Very High','2015-01-13','06:42'),(1,11,30,'Unknown','2015-01-13','06:42'),(1,12,30,'Very High','2015-01-13','06:42'),(1,13,30,'Very High','2015-01-13','06:42'),(1,14,30,'Unknown','2015-01-13','06:42'),(1,15,30,'Very High','2015-01-13','06:42'),(1,16,30,'Unknown','2015-01-13','06:42'),(1,17,30,'Very High','2015-01-13','06:42'),(1,18,30,'Unknown','2015-01-13','06:42'),(1,19,30,'Very High','2015-01-13','06:42'),(1,20,30,'Unknown','2015-01-13','06:42'),(1,21,30,'Unknown','2015-01-13','06:42'),(1,22,30,'Unknown','2015-01-13','06:42'),(1,23,30,'Unknown','2015-01-13','06:42'),(1,24,30,'Unknown','2015-01-13','06:42'),(1,25,30,'Very High','2015-01-13','06:42'),(1,26,30,'Unknown','2015-01-13','06:42'),(1,27,30,'Unknown','2015-01-13','06:42'),(1,28,30,'Unknown','2015-01-13','06:42'),(1,29,30,'Very High','2015-01-13','06:42'),(1,30,30,'Unknown','2015-01-13','06:42'),(1,31,30,'Unknown','2015-01-13','06:42'),(1,32,30,'Unknown','2015-01-13','06:42'),(1,33,30,'Very High','2015-01-13','06:42'),(1,34,30,'Very High','2015-01-13','06:42'),(1,35,30,'Unknown','2015-01-13','06:42'),(1,36,30,'Very High','2015-01-13','06:42'),(1,37,30,'Unknown','2015-01-13','06:42'),(1,38,30,'Unknown','2015-01-13','06:42'),(1,39,30,'Unknown','2015-01-13','06:42'),(1,40,30,'Unknown','2015-01-13','06:42'),(1,41,30,'Unknown','2015-01-13','06:42'),(1,42,30,'Unknown','2015-01-13','06:42'),(1,43,30,'Unknown','2015-01-13','06:42'),(1,44,30,'Unknown','2015-01-13','06:42'),(1,45,30,'Unknown','2015-01-13','06:42'),(1,46,30,'Unknown','2015-01-13','06:42'),(1,47,30,'Unknown','2015-01-13','06:42'),(1,48,30,'Unknown','2015-01-13','06:42'),(1,49,30,'Unknown','2015-01-13','06:42'),(1,50,30,'Unknown','2015-01-13','06:42'),(1,51,30,'Unknown','2015-01-13','06:42'),(1,52,30,'Unknown','2015-01-13','06:42'),(1,53,30,'Unknown','2015-01-13','06:42'),(1,54,30,'Unknown','2015-01-13','06:42'),(1,55,30,'Unknown','2015-01-13','06:42'),(1,56,30,'Unknown','2015-01-13','06:42'),(1,57,30,'Unknown','2015-01-13','06:42'),(1,58,30,'Unknown','2015-01-13','06:42'),(1,59,30,'Unknown','2015-01-13','06:42'),(1,60,30,'Unknown','2015-01-13','06:42'),(1,61,30,'Unknown','2015-01-13','06:42'),(1,62,30,'Unknown','2015-01-13','06:42'),(1,63,30,'Unknown','2015-01-13','06:42'),(1,64,30,'Unknown','2015-01-13','06:42'),(1,65,30,'Unknown','2015-01-13','06:42'),(1,66,30,'Unknown','2015-01-13','06:42'),(1,67,30,'Unknown','2015-01-13','06:42'),(1,68,30,'Unknown','2015-01-13','06:42'),(1,69,30,'Unknown','2015-01-13','06:42'),(1,70,30,'Unknown','2015-01-13','06:42'),(1,71,30,'Unknown','2015-01-13','06:42'),(1,72,30,'Unknown','2015-01-13','06:42'),(1,73,30,'Unknown','2015-01-13','06:42'),(1,74,30,'Unknown','2015-01-13','06:42'),(1,75,30,'Unknown','2015-01-13','06:42'),(1,76,30,'Unknown','2015-01-13','06:42'),(1,77,30,'Unknown','2015-01-13','06:42'),(1,1,19,'Very High','2015-01-13','06:42'),(1,2,19,'Unknown','2015-01-13','06:42'),(1,3,19,'High','2015-01-13','06:42'),(1,4,19,'Very High','2015-01-13','06:42'),(1,5,19,'Very High','2015-01-13','06:42'),(1,6,19,'Few','2015-01-13','06:42'),(1,7,19,'Very High','2015-01-13','06:42'),(1,8,19,'Unknown','2015-01-13','06:42'),(1,9,19,'Very Few','2015-01-13','06:42'),(1,10,19,'Unknown','2015-01-13','06:42'),(1,11,19,'Unknown','2015-01-13','06:42'),(1,12,19,'High','2015-01-13','06:42'),(1,13,19,'Few','2015-01-13','06:42'),(1,14,19,'Unknown','2015-01-13','06:42'),(1,15,19,'High','2015-01-13','06:42'),(1,16,19,'Very High','2015-01-13','06:42'),(1,17,19,'Very Few','2015-01-13','06:42'),(1,18,19,'High','2015-01-13','06:42'),(1,19,19,'Very High','2015-01-13','06:42'),(1,20,19,'Medium','2015-01-13','06:42'),(1,21,19,'Few','2015-01-13','06:42'),(1,22,19,'Unknown','2015-01-13','06:42'),(1,23,19,'Few','2015-01-13','06:42'),(1,24,19,'Few','2015-01-13','06:42'),(1,25,19,'Medium','2015-01-13','06:42'),(1,26,19,'Very High','2015-01-13','06:42'),(1,27,19,'Very High','2015-01-13','06:42'),(1,28,19,'High','2015-01-13','06:42'),(1,29,19,'Medium','2015-01-13','06:42'),(1,30,19,'Unknown','2015-01-13','06:42'),(1,31,19,'Unknown','2015-01-13','06:42'),(1,32,19,'High','2015-01-13','06:42'),(1,33,19,'Medium','2015-01-13','06:42'),(1,34,19,'High','2015-01-13','06:42'),(1,35,19,'Medium','2015-01-13','06:42'),(1,36,19,'Few','2015-01-13','06:42'),(1,37,19,'Medium','2015-01-13','06:42'),(1,38,19,'Medium','2015-01-13','06:42'),(1,39,19,'Very High','2015-01-13','06:42'),(1,40,19,'High','2015-01-13','06:42'),(1,41,19,'Unknown','2015-01-13','06:42'),(1,42,19,'High','2015-01-13','06:42'),(1,43,19,'Unknown','2015-01-13','06:42'),(1,44,19,'Very High','2015-01-13','06:42'),(1,45,19,'High','2015-01-13','06:42'),(1,46,19,'High','2015-01-13','06:42'),(1,47,19,'High','2015-01-13','06:42'),(1,48,19,'Medium','2015-01-13','06:42'),(1,49,19,'High','2015-01-13','06:42'),(1,50,19,'Medium','2015-01-13','06:42'),(1,51,19,'Medium','2015-01-13','06:42'),(1,52,19,'High','2015-01-13','06:42'),(1,53,19,'High','2015-01-13','06:42'),(1,54,19,'Medium','2015-01-13','06:42'),(1,55,19,'Medium','2015-01-13','06:42'),(1,56,19,'Very Few','2015-01-13','06:42'),(1,57,19,'High','2015-01-13','06:42'),(1,58,19,'Unknown','2015-01-13','06:42'),(1,59,19,'Unknown','2015-01-13','06:42'),(1,60,19,'Unknown','2015-01-13','06:42'),(1,61,19,'High','2015-01-13','06:42'),(1,62,19,'Unknown','2015-01-13','06:42'),(1,63,19,'Few','2015-01-13','06:42'),(1,64,19,'Very High','2015-01-13','06:42'),(1,65,19,'Medium','2015-01-13','06:42'),(1,66,19,'Unknown','2015-01-13','06:42'),(1,67,19,'Unknown','2015-01-13','06:42'),(1,68,19,'Medium','2015-01-13','06:42'),(1,69,19,'Medium','2015-01-13','06:42'),(1,70,19,'Medium','2015-01-13','06:42'),(1,71,19,'Medium','2015-01-13','06:42'),(1,72,19,'Unknown','2015-01-13','06:42'),(1,73,19,'Few','2015-01-13','06:42'),(1,74,19,'Unknown','2015-01-13','06:42'),(1,75,19,'Very Few','2015-01-13','06:42'),(1,76,19,'Very High','2015-01-13','06:42'),(1,77,19,'Medium','2015-01-13','06:42'),(1,1,20,'Unknown','2015-01-13','07:17'),(1,2,20,'Unknown','2015-01-13','07:17'),(1,3,20,'Unknown','2015-01-13','07:17'),(1,4,20,'Unknown','2015-01-13','07:17'),(1,5,20,'Unknown','2015-01-13','07:17'),(1,6,20,'Unknown','2015-01-13','07:17'),(1,7,20,'Unknown','2015-01-13','07:17'),(1,8,20,'Unknown','2015-01-13','07:17'),(1,9,20,'Unknown','2015-01-13','07:17'),(1,10,20,'Very High','2015-01-13','07:17'),(1,11,20,'Unknown','2015-01-13','07:17'),(1,12,20,'Very High','2015-01-13','07:17'),(1,13,20,'Very High','2015-01-13','07:17'),(1,14,20,'Unknown','2015-01-13','07:17'),(1,15,20,'Unknown','2015-01-13','07:17'),(1,16,20,'Unknown','2015-01-13','07:17'),(1,17,20,'Unknown','2015-01-13','07:17'),(1,18,20,'Unknown','2015-01-13','07:17'),(1,19,20,'Very High','2015-01-13','07:17'),(1,20,20,'Unknown','2015-01-13','07:17'),(1,21,20,'Unknown','2015-01-13','07:17'),(1,22,20,'Unknown','2015-01-13','07:17'),(1,23,20,'Very High','2015-01-13','07:17'),(1,24,20,'Unknown','2015-01-13','07:17'),(1,25,20,'Unknown','2015-01-13','07:17'),(1,26,20,'Very High','2015-01-13','07:17'),(1,27,20,'Very High','2015-01-13','07:17'),(1,28,20,'Unknown','2015-01-13','07:17'),(1,29,20,'Unknown','2015-01-13','07:17'),(1,30,20,'Unknown','2015-01-13','07:17'),(1,31,20,'Unknown','2015-01-13','07:17'),(1,32,20,'Very High','2015-01-13','07:17'),(1,33,20,'Unknown','2015-01-13','07:17'),(1,34,20,'Very High','2015-01-13','07:17'),(1,35,20,'Unknown','2015-01-13','07:17'),(1,36,20,'High','2015-01-13','07:17'),(1,37,20,'Medium','2015-01-13','07:17'),(1,38,20,'Medium','2015-01-13','07:17'),(1,39,20,'Very High','2015-01-13','07:17'),(1,40,20,'High','2015-01-13','07:17'),(1,41,20,'Medium','2015-01-13','07:17'),(1,42,20,'Very High','2015-01-13','07:17'),(1,43,20,'High','2015-01-13','07:17'),(1,44,20,'Very High','2015-01-13','07:17'),(1,45,20,'Unknown','2015-01-13','07:17'),(1,46,20,'Very High','2015-01-13','07:17'),(1,47,20,'Unknown','2015-01-13','07:17'),(1,48,20,'Very High','2015-01-13','07:17'),(1,49,20,'Unknown','2015-01-13','07:17'),(1,50,20,'Very High','2015-01-13','07:17'),(1,51,20,'Very High','2015-01-13','07:17'),(1,52,20,'Very High','2015-01-13','07:17'),(1,53,20,'Unknown','2015-01-13','07:17'),(1,54,20,'Unknown','2015-01-13','07:17'),(1,55,20,'Unknown','2015-01-13','07:17'),(1,56,20,'Very High','2015-01-13','07:17'),(1,57,20,'Very Few','2015-01-13','07:17'),(1,58,20,'Unknown','2015-01-13','07:17'),(1,59,20,'Unknown','2015-01-13','07:17'),(1,60,20,'Very High','2015-01-13','07:17'),(1,61,20,'Unknown','2015-01-13','07:17'),(1,62,20,'Unknown','2015-01-13','07:17'),(1,63,20,'Very High','2015-01-13','07:17'),(1,64,20,'Unknown','2015-01-13','07:17'),(1,65,20,'Unknown','2015-01-13','07:17'),(1,66,20,'Unknown','2015-01-13','07:17'),(1,67,20,'Unknown','2015-01-13','07:17'),(1,68,20,'Unknown','2015-01-13','07:17'),(1,69,20,'Unknown','2015-01-13','07:17'),(1,70,20,'Unknown','2015-01-13','07:17'),(1,71,20,'Unknown','2015-01-13','07:17'),(1,72,20,'Very High','2015-01-13','07:17'),(1,73,20,'Unknown','2015-01-13','07:17'),(1,74,20,'Unknown','2015-01-13','07:17'),(1,75,20,'Unknown','2015-01-13','07:17'),(1,76,20,'Very Few','2015-01-13','07:17'),(1,77,20,'Unknown','2015-01-13','07:17'),(1,1,31,'Very High','2015-01-13','16:05'),(1,2,31,'Very Few','2015-01-13','16:05'),(1,3,31,'High','2015-01-13','16:05'),(1,4,31,'High','2015-01-13','16:05'),(1,5,31,'Few','2015-01-13','16:05'),(1,6,31,'Very High','2015-01-13','16:05'),(1,7,31,'Few','2015-01-13','16:05'),(1,8,31,'Few','2015-01-13','16:05'),(1,9,31,'High','2015-01-13','16:05'),(1,10,31,'High','2015-01-13','16:05'),(1,11,31,'High','2015-01-13','16:05'),(1,12,31,'Very High','2015-01-13','16:05'),(1,13,31,'Very High','2015-01-13','16:05'),(1,14,31,'Few','2015-01-13','16:05'),(1,15,31,'Very High','2015-01-13','16:05'),(1,16,31,'High','2015-01-13','16:05'),(1,17,31,'High','2015-01-13','16:05'),(1,18,31,'Very High','2015-01-13','16:05'),(1,19,31,'High','2015-01-13','16:05'),(1,20,31,'High','2015-01-13','16:05'),(1,21,31,'High','2015-01-13','16:05'),(1,22,31,'Very High','2015-01-13','16:05'),(1,23,31,'Very High','2015-01-13','16:05'),(1,24,31,'Very High','2015-01-13','16:05'),(1,25,31,'Medium','2015-01-13','16:05'),(1,26,31,'Very High','2015-01-13','16:05'),(1,27,31,'High','2015-01-13','16:05'),(1,28,31,'Very High','2015-01-13','16:05'),(1,29,31,'Very High','2015-01-13','16:05'),(1,30,31,'High','2015-01-13','16:05'),(1,31,31,'High','2015-01-13','16:05'),(1,32,31,'High','2015-01-13','16:05'),(1,33,31,'Very High','2015-01-13','16:05'),(1,34,31,'High','2015-01-13','16:05'),(1,35,31,'Very High','2015-01-13','16:05'),(1,36,31,'High','2015-01-13','16:05'),(1,37,31,'Medium','2015-01-13','16:05'),(1,38,31,'Very Few','2015-01-13','16:05'),(1,39,31,'Very Few','2015-01-13','16:05'),(1,40,31,'Medium','2015-01-13','16:05'),(1,41,31,'Medium','2015-01-13','16:05'),(1,42,31,'High','2015-01-13','16:05'),(1,43,31,'High','2015-01-13','16:05'),(1,44,31,'Unknown','2015-01-13','16:05'),(1,45,31,'High','2015-01-13','16:05'),(1,46,31,'High','2015-01-13','16:05'),(1,47,31,'Very High','2015-01-13','16:05'),(1,48,31,'Very High','2015-01-13','16:05'),(1,49,31,'High','2015-01-13','16:05'),(1,50,31,'High','2015-01-13','16:05'),(1,51,31,'Very High','2015-01-13','16:05'),(1,52,31,'High','2015-01-13','16:05'),(1,53,31,'Very High','2015-01-13','16:05'),(1,54,31,'High','2015-01-13','16:05'),(1,55,31,'Medium','2015-01-13','16:05'),(1,56,31,'High','2015-01-13','16:05'),(1,57,31,'Medium','2015-01-13','16:05'),(1,58,31,'Very High','2015-01-13','16:05'),(1,59,31,'Unknown','2015-01-13','16:05'),(1,60,31,'Very High','2015-01-13','16:05'),(1,61,31,'Unknown','2015-01-13','16:05'),(1,62,31,'Very High','2015-01-13','16:05'),(1,63,31,'High','2015-01-13','16:05'),(1,64,31,'High','2015-01-13','16:05'),(1,65,31,'Few','2015-01-13','16:05'),(1,66,31,'Very High','2015-01-13','16:05'),(1,67,31,'Few','2015-01-13','16:05'),(1,68,31,'High','2015-01-13','16:05'),(1,69,31,'High','2015-01-13','16:05'),(1,70,31,'High','2015-01-13','16:05'),(1,71,31,'High','2015-01-13','16:05'),(1,72,31,'High','2015-01-13','16:05'),(1,73,31,'High','2015-01-13','16:05'),(1,74,31,'High','2015-01-13','16:05'),(1,75,31,'High','2015-01-13','16:05'),(1,76,31,'High','2015-01-13','16:05'),(1,77,31,'Few','2015-01-13','16:05'),(1,1,32,'High','2015-01-13','20:03'),(1,2,32,'Medium','2015-01-13','20:03'),(1,3,32,'Few','2015-01-13','20:03'),(1,4,32,'High','2015-01-13','20:03'),(1,5,32,'Medium','2015-01-13','20:03'),(1,6,32,'High','2015-01-13','20:03'),(1,7,32,'High','2015-01-13','20:03'),(1,8,32,'Medium','2015-01-13','20:03'),(1,9,32,'Few','2015-01-13','20:03'),(1,10,32,'High','2015-01-13','20:03'),(1,11,32,'Very High','2015-01-13','20:03'),(1,12,32,'High','2015-01-13','20:03'),(1,13,32,'High','2015-01-13','20:03'),(1,14,32,'Medium','2015-01-13','20:03'),(1,15,32,'Very High','2015-01-13','20:03'),(1,16,32,'Medium','2015-01-13','20:03'),(1,17,32,'Few','2015-01-13','20:03'),(1,18,32,'Few','2015-01-13','20:03'),(1,19,32,'High','2015-01-13','20:03'),(1,20,32,'Few','2015-01-13','20:03'),(1,21,32,'Few','2015-01-13','20:03'),(1,22,32,'High','2015-01-13','20:03'),(1,23,32,'High','2015-01-13','20:03'),(1,24,32,'High','2015-01-13','20:03'),(1,25,32,'Medium','2015-01-13','20:03'),(1,26,32,'Very High','2015-01-13','20:03'),(1,27,32,'High','2015-01-13','20:03'),(1,28,32,'Very High','2015-01-13','20:03'),(1,29,32,'Very High','2015-01-13','20:03'),(1,30,32,'High','2015-01-13','20:03'),(1,31,32,'Very High','2015-01-13','20:03'),(1,32,32,'High','2015-01-13','20:03'),(1,33,32,'High','2015-01-13','20:03'),(1,34,32,'High','2015-01-13','20:03'),(1,35,32,'High','2015-01-13','20:03'),(1,36,32,'Medium','2015-01-13','20:03'),(1,37,32,'High','2015-01-13','20:03'),(1,38,32,'High','2015-01-13','20:03'),(1,39,32,'High','2015-01-13','20:03'),(1,40,32,'Few','2015-01-13','20:03'),(1,41,32,'Few','2015-01-13','20:03'),(1,42,32,'High','2015-01-13','20:03'),(1,43,32,'Medium','2015-01-13','20:03'),(1,44,32,'Medium','2015-01-13','20:03'),(1,45,32,'Medium','2015-01-13','20:03'),(1,46,32,'Medium','2015-01-13','20:03'),(1,47,32,'Medium','2015-01-13','20:03'),(1,48,32,'High','2015-01-13','20:03'),(1,49,32,'High','2015-01-13','20:03'),(1,50,32,'Medium','2015-01-13','20:03'),(1,51,32,'High','2015-01-13','20:03'),(1,52,32,'Medium','2015-01-13','20:03'),(1,53,32,'Medium','2015-01-13','20:03'),(1,54,32,'Medium','2015-01-13','20:03'),(1,55,32,'High','2015-01-13','20:03'),(1,56,32,'Medium','2015-01-13','20:03'),(1,57,32,'High','2015-01-13','20:03'),(1,58,32,'High','2015-01-13','20:03'),(1,59,32,'High','2015-01-13','20:03'),(1,60,32,'High','2015-01-13','20:03'),(1,61,32,'Unknown','2015-01-13','20:03'),(1,62,32,'High','2015-01-13','20:03'),(1,63,32,'High','2015-01-13','20:03'),(1,64,32,'High','2015-01-13','20:03'),(1,65,32,'High','2015-01-13','20:03'),(1,66,32,'High','2015-01-13','20:03'),(1,67,32,'High','2015-01-13','20:03'),(1,68,32,'High','2015-01-13','20:03'),(1,69,32,'High','2015-01-13','20:03'),(1,70,32,'High','2015-01-13','20:03'),(1,71,32,'High','2015-01-13','20:03'),(1,72,32,'High','2015-01-13','20:03'),(1,73,32,'High','2015-01-13','20:03'),(1,74,32,'Medium','2015-01-13','20:03'),(1,75,32,'Medium','2015-01-13','20:03'),(1,76,32,'Medium','2015-01-13','20:03'),(1,77,32,'Medium','2015-01-13','20:03'),(1,1,29,'Unknown','2015-01-16','06:30'),(1,2,29,'Unknown','2015-01-16','06:30'),(1,3,29,'Very High','2015-01-16','06:30'),(1,4,29,'High','2015-01-16','06:30'),(1,5,29,'Very Few','2015-01-16','06:30'),(1,6,29,'Unknown','2015-01-16','06:30'),(1,7,29,'Few','2015-01-16','06:30'),(1,8,29,'Unknown','2015-01-16','06:30'),(1,9,29,'Very Few','2015-01-16','06:30'),(1,10,29,'Unknown','2015-01-16','06:30'),(1,11,29,'Unknown','2015-01-16','06:30'),(1,12,29,'Unknown','2015-01-16','06:30'),(1,13,29,'Unknown','2015-01-16','06:30'),(1,14,29,'Unknown','2015-01-16','06:30'),(1,15,29,'Unknown','2015-01-16','06:30'),(1,16,29,'Unknown','2015-01-16','06:30'),(1,17,29,'Very Few','2015-01-16','06:30'),(1,18,29,'High','2015-01-16','06:30'),(1,19,29,'Unknown','2015-01-16','06:30'),(1,20,29,'Unknown','2015-01-16','06:30'),(1,21,29,'Unknown','2015-01-16','06:30'),(1,22,29,'Unknown','2015-01-16','06:30'),(1,23,29,'Unknown','2015-01-16','06:30'),(1,24,29,'Unknown','2015-01-16','06:30'),(1,25,29,'Unknown','2015-01-16','06:30'),(1,26,29,'Unknown','2015-01-16','06:30'),(1,27,29,'Unknown','2015-01-16','06:30'),(1,28,29,'Unknown','2015-01-16','06:30'),(1,29,29,'Unknown','2015-01-16','06:30'),(1,30,29,'Unknown','2015-01-16','06:30'),(1,31,29,'Unknown','2015-01-16','06:30'),(1,32,29,'Unknown','2015-01-16','06:30'),(1,33,29,'Unknown','2015-01-16','06:30'),(1,34,29,'Unknown','2015-01-16','06:30'),(1,35,29,'Unknown','2015-01-16','06:30'),(1,36,29,'Unknown','2015-01-16','06:30'),(1,37,29,'Few','2015-01-16','06:30'),(1,38,29,'Very High','2015-01-16','06:30'),(1,39,29,'Unknown','2015-01-16','06:30'),(1,40,29,'High','2015-01-16','06:30'),(1,41,29,'Medium','2015-01-16','06:30'),(1,42,29,'Very High','2015-01-16','06:30'),(1,43,29,'Unknown','2015-01-16','06:30'),(1,44,29,'Very High','2015-01-16','06:30'),(1,45,29,'Unknown','2015-01-16','06:30'),(1,46,29,'Unknown','2015-01-16','06:30'),(1,47,29,'High','2015-01-16','06:30'),(1,48,29,'High','2015-01-16','06:30'),(1,49,29,'Very Few','2015-01-16','06:30'),(1,50,29,'Unknown','2015-01-16','06:30'),(1,51,29,'Unknown','2015-01-16','06:30'),(1,52,29,'Unknown','2015-01-16','06:30'),(1,53,29,'Unknown','2015-01-16','06:30'),(1,54,29,'Unknown','2015-01-16','06:30'),(1,55,29,'Unknown','2015-01-16','06:30'),(1,56,29,'Unknown','2015-01-16','06:30'),(1,57,29,'Medium','2015-01-16','06:30'),(1,58,29,'Unknown','2015-01-16','06:30'),(1,59,29,'Very Few','2015-01-16','06:30'),(1,60,29,'Few','2015-01-16','06:30'),(1,61,29,'Unknown','2015-01-16','06:30'),(1,62,29,'Unknown','2015-01-16','06:30'),(1,63,29,'Unknown','2015-01-16','06:30'),(1,64,29,'Unknown','2015-01-16','06:30'),(1,65,29,'High','2015-01-16','06:30'),(1,66,29,'Unknown','2015-01-16','06:30'),(1,67,29,'Very Few','2015-01-16','06:30'),(1,68,29,'Medium','2015-01-16','06:30'),(1,69,29,'Very High','2015-01-16','06:30'),(1,70,29,'Unknown','2015-01-16','06:30'),(1,71,29,'Unknown','2015-01-16','06:30'),(1,72,29,'Very High','2015-01-16','06:30'),(1,73,29,'High','2015-01-16','06:30'),(1,74,29,'Unknown','2015-01-16','06:30'),(1,75,29,'High','2015-01-16','06:30'),(1,76,29,'Unknown','2015-01-16','06:30'),(1,77,29,'Few','2015-01-16','06:30'),(1,1,30,'Not Applicable','2015-01-16','07:09'),(1,2,30,'Very High','2015-01-16','07:09'),(1,3,30,'High','2015-01-16','07:09'),(1,4,30,'High','2015-01-16','07:09'),(1,5,30,'Unknown','2015-01-16','07:09'),(1,6,30,'High','2015-01-16','07:09'),(1,7,30,'High','2015-01-16','07:09'),(1,8,30,'Very High','2015-01-16','07:09'),(1,9,30,'Unknown','2015-01-16','07:09'),(1,10,30,'Very High','2015-01-16','07:09'),(1,11,30,'Unknown','2015-01-16','07:09'),(1,12,30,'High','2015-01-16','07:09'),(1,13,30,'Medium','2015-01-16','07:09'),(1,14,30,'Very High','2015-01-16','07:09'),(1,15,30,'Very High','2015-01-16','07:09'),(1,16,30,'Unknown','2015-01-16','07:09'),(1,17,30,'Very High','2015-01-16','07:09'),(1,18,30,'Unknown','2015-01-16','07:09'),(1,19,30,'Very High','2015-01-16','07:09'),(1,20,30,'Unknown','2015-01-16','07:09'),(1,21,30,'Unknown','2015-01-16','07:09'),(1,22,30,'Unknown','2015-01-16','07:09'),(1,23,30,'Unknown','2015-01-16','07:09'),(1,24,30,'Unknown','2015-01-16','07:09'),(1,25,30,'Very High','2015-01-16','07:09'),(1,26,30,'Unknown','2015-01-16','07:09'),(1,27,30,'Unknown','2015-01-16','07:09'),(1,28,30,'Unknown','2015-01-16','07:09'),(1,29,30,'Very High','2015-01-16','07:09'),(1,30,30,'Unknown','2015-01-16','07:09'),(1,31,30,'Unknown','2015-01-16','07:09'),(1,32,30,'Unknown','2015-01-16','07:09'),(1,33,30,'Unknown','2015-01-16','07:09'),(1,34,30,'High','2015-01-16','07:09'),(1,35,30,'High','2015-01-16','07:09'),(1,36,30,'Unknown','2015-01-16','07:09'),(1,37,30,'Very High','2015-01-16','07:09'),(1,38,30,'Very High','2015-01-16','07:09'),(1,39,30,'Unknown','2015-01-16','07:09'),(1,40,30,'Unknown','2015-01-16','07:09'),(1,41,30,'Unknown','2015-01-16','07:09'),(1,42,30,'Very High','2015-01-16','07:09'),(1,43,30,'Unknown','2015-01-16','07:09'),(1,44,30,'Unknown','2015-01-16','07:09'),(1,45,30,'Unknown','2015-01-16','07:09'),(1,46,30,'Very High','2015-01-16','07:09'),(1,47,30,'High','2015-01-16','07:09'),(1,48,30,'Very High','2015-01-16','07:09'),(1,49,30,'Very High','2015-01-16','07:09'),(1,50,30,'High','2015-01-16','07:09'),(1,51,30,'Very High','2015-01-16','07:09'),(1,52,30,'Very High','2015-01-16','07:09'),(1,53,30,'High','2015-01-16','07:09'),(1,54,30,'Unknown','2015-01-16','07:09'),(1,55,30,'Unknown','2015-01-16','07:09'),(1,56,30,'Very High','2015-01-16','07:09'),(1,57,30,'Unknown','2015-01-16','07:09'),(1,58,30,'Very High','2015-01-16','07:09'),(1,59,30,'Unknown','2015-01-16','07:09'),(1,60,30,'Very High','2015-01-16','07:09'),(1,61,30,'Very High','2015-01-16','07:09'),(1,62,30,'Unknown','2015-01-16','07:09'),(1,63,30,'Unknown','2015-01-16','07:09'),(1,64,30,'Unknown','2015-01-16','07:09'),(1,65,30,'High','2015-01-16','07:09'),(1,66,30,'Very High','2015-01-16','07:09'),(1,67,30,'Very High','2015-01-16','07:09'),(1,68,30,'Unknown','2015-01-16','07:09'),(1,69,30,'Very High','2015-01-16','07:09'),(1,70,30,'Very High','2015-01-16','07:09'),(1,71,30,'Unknown','2015-01-16','07:09'),(1,72,30,'Unknown','2015-01-16','07:09'),(1,73,30,'Unknown','2015-01-16','07:09'),(1,74,30,'Very High','2015-01-16','07:09'),(1,75,30,'Few','2015-01-16','07:09'),(1,76,30,'Unknown','2015-01-16','07:09'),(1,77,30,'Very Few','2015-01-16','07:09'),(1,1,33,'Very High','2015-01-29','17:48'),(1,2,33,'Very Few','2015-01-29','17:48'),(1,3,33,'Few','2015-01-29','17:48'),(1,4,33,'Very High','2015-01-29','17:48'),(1,5,33,'Few','2015-01-29','17:48'),(1,6,33,'Very High','2015-01-29','17:48'),(1,7,33,'Few','2015-01-29','17:48'),(1,8,33,'Few','2015-01-29','17:48'),(1,9,33,'High','2015-01-29','17:48'),(1,10,33,'Very Few','2015-01-29','17:48'),(1,11,33,'High','2015-01-29','17:48'),(1,12,33,'High','2015-01-29','17:48'),(1,13,33,'Few','2015-01-29','17:48'),(1,14,33,'High','2015-01-29','17:48'),(1,15,33,'High','2015-01-29','17:48'),(1,16,33,'High','2015-01-29','17:48'),(1,17,33,'Few','2015-01-29','17:48'),(1,18,33,'Very Few','2015-01-29','17:48'),(1,19,33,'Very Few','2015-01-29','17:48'),(1,20,33,'Very High','2015-01-29','17:48'),(1,21,33,'Very High','2015-01-29','17:48'),(1,22,33,'Very Few','2015-01-29','17:48'),(1,23,33,'High','2015-01-29','17:48'),(1,24,33,'Medium','2015-01-29','17:48'),(1,25,33,'Few','2015-01-29','17:48'),(1,26,33,'Medium','2015-01-29','17:48'),(1,27,33,'High','2015-01-29','17:48'),(1,28,33,'Few','2015-01-29','17:48'),(1,29,33,'Medium','2015-01-29','17:48'),(1,30,33,'High','2015-01-29','17:48'),(1,31,33,'Not Applicable','2015-01-29','17:48'),(1,32,33,'High','2015-01-29','17:48'),(1,33,33,'High','2015-01-29','17:48'),(1,34,33,'High','2015-01-29','17:48'),(1,35,33,'Very Few','2015-01-29','17:48'),(1,36,33,'High','2015-01-29','17:48'),(1,37,33,'Unknown','2015-01-29','17:48'),(1,38,33,'Unknown','2015-01-29','17:48'),(1,39,33,'Unknown','2015-01-29','17:48'),(1,40,33,'Unknown','2015-01-29','17:48'),(1,41,33,'Unknown','2015-01-29','17:48'),(1,42,33,'Unknown','2015-01-29','17:48'),(1,43,33,'Unknown','2015-01-29','17:48'),(1,44,33,'Unknown','2015-01-29','17:48'),(1,45,33,'Unknown','2015-01-29','17:48'),(1,46,33,'Unknown','2015-01-29','17:48'),(1,47,33,'Unknown','2015-01-29','17:48'),(1,48,33,'Unknown','2015-01-29','17:48'),(1,49,33,'Unknown','2015-01-29','17:48'),(1,50,33,'Unknown','2015-01-29','17:48'),(1,51,33,'Unknown','2015-01-29','17:48'),(1,52,33,'Unknown','2015-01-29','17:48'),(1,53,33,'Unknown','2015-01-29','17:48'),(1,54,33,'Unknown','2015-01-29','17:48'),(1,55,33,'Unknown','2015-01-29','17:48'),(1,56,33,'Unknown','2015-01-29','17:48'),(1,57,33,'Unknown','2015-01-29','17:48'),(1,58,33,'Unknown','2015-01-29','17:48'),(1,59,33,'Unknown','2015-01-29','17:48'),(1,60,33,'Unknown','2015-01-29','17:48'),(1,61,33,'Unknown','2015-01-29','17:48'),(1,62,33,'Unknown','2015-01-29','17:48'),(1,63,33,'Unknown','2015-01-29','17:48'),(1,64,33,'Unknown','2015-01-29','17:48'),(1,65,33,'Unknown','2015-01-29','17:48'),(1,66,33,'Unknown','2015-01-29','17:48'),(1,67,33,'Unknown','2015-01-29','17:48'),(1,68,33,'Unknown','2015-01-29','17:48'),(1,69,33,'Unknown','2015-01-29','17:48'),(1,70,33,'Unknown','2015-01-29','17:48'),(1,71,33,'Unknown','2015-01-29','17:48'),(1,72,33,'Unknown','2015-01-29','17:48'),(1,73,33,'Unknown','2015-01-29','17:48'),(1,74,33,'Unknown','2015-01-29','17:48'),(1,75,33,'Unknown','2015-01-29','17:48'),(1,76,33,'Unknown','2015-01-29','17:48'),(1,77,33,'Unknown','2015-01-29','17:48'),(1,1,33,'Very High','2015-01-29','18:02'),(1,2,33,'Very Few','2015-01-29','18:02'),(1,3,33,'Few','2015-01-29','18:02'),(1,4,33,'Very High','2015-01-29','18:02'),(1,5,33,'Few','2015-01-29','18:02'),(1,6,33,'Very High','2015-01-29','18:02'),(1,7,33,'Few','2015-01-29','18:02'),(1,8,33,'Few','2015-01-29','18:02'),(1,9,33,'High','2015-01-29','18:02'),(1,10,33,'Very Few','2015-01-29','18:02'),(1,11,33,'High','2015-01-29','18:02'),(1,12,33,'High','2015-01-29','18:02'),(1,13,33,'Few','2015-01-29','18:02'),(1,14,33,'High','2015-01-29','18:02'),(1,15,33,'High','2015-01-29','18:02'),(1,16,33,'High','2015-01-29','18:02'),(1,17,33,'Few','2015-01-29','18:02'),(1,18,33,'Very Few','2015-01-29','18:02'),(1,19,33,'Very Few','2015-01-29','18:02'),(1,20,33,'Very High','2015-01-29','18:02'),(1,21,33,'Very High','2015-01-29','18:02'),(1,22,33,'Very Few','2015-01-29','18:02'),(1,23,33,'High','2015-01-29','18:02'),(1,24,33,'Medium','2015-01-29','18:02'),(1,25,33,'Few','2015-01-29','18:02'),(1,26,33,'Medium','2015-01-29','18:02'),(1,27,33,'High','2015-01-29','18:02'),(1,28,33,'Few','2015-01-29','18:02'),(1,29,33,'Medium','2015-01-29','18:02'),(1,30,33,'High','2015-01-29','18:02'),(1,31,33,'Not Applicable','2015-01-29','18:02'),(1,32,33,'High','2015-01-29','18:02'),(1,33,33,'High','2015-01-29','18:02'),(1,34,33,'High','2015-01-29','18:02'),(1,35,33,'Very Few','2015-01-29','18:02'),(1,36,33,'High','2015-01-29','18:02'),(1,37,33,'High','2015-01-29','18:02'),(1,38,33,'Medium','2015-01-29','18:02'),(1,39,33,'Few','2015-01-29','18:02'),(1,40,33,'High','2015-01-29','18:02'),(1,41,33,'High','2015-01-29','18:02'),(1,42,33,'High','2015-01-29','18:02'),(1,43,33,'Few','2015-01-29','18:02'),(1,44,33,'High','2015-01-29','18:02'),(1,45,33,'High','2015-01-29','18:02'),(1,46,33,'Medium','2015-01-29','18:02'),(1,47,33,'Medium','2015-01-29','18:02'),(1,48,33,'Very High','2015-01-29','18:02'),(1,49,33,'Few','2015-01-29','18:02'),(1,50,33,'Few','2015-01-29','18:02'),(1,51,33,'Medium','2015-01-29','18:02'),(1,52,33,'Few','2015-01-29','18:02'),(1,53,33,'Medium','2015-01-29','18:02'),(1,54,33,'Medium','2015-01-29','18:02'),(1,55,33,'Unknown','2015-01-29','18:02'),(1,56,33,'Medium','2015-01-29','18:02'),(1,57,33,'Very Few','2015-01-29','18:02'),(1,58,33,'Few','2015-01-29','18:02'),(1,59,33,'High','2015-01-29','18:02'),(1,60,33,'Few','2015-01-29','18:02'),(1,61,33,'Not Applicable','2015-01-29','18:02'),(1,62,33,'High','2015-01-29','18:02'),(1,63,33,'High','2015-01-29','18:02'),(1,64,33,'Very Few','2015-01-29','18:02'),(1,65,33,'Very High','2015-01-29','18:02'),(1,66,33,'High','2015-01-29','18:02'),(1,67,33,'Not Applicable','2015-01-29','18:02'),(1,68,33,'High','2015-01-29','18:02'),(1,69,33,'High','2015-01-29','18:02'),(1,70,33,'Not Applicable','2015-01-29','18:02'),(1,71,33,'High','2015-01-29','18:02'),(1,72,33,'Not Applicable','2015-01-29','18:02'),(1,73,33,'Unknown','2015-01-29','18:02'),(1,74,33,'Very High','2015-01-29','18:02'),(1,75,33,'Medium','2015-01-29','18:02'),(1,76,33,'Very Few','2015-01-29','18:02'),(1,77,33,'High','2015-01-29','18:02'),(1,1,34,'Very High','2015-01-29','21:53'),(1,2,34,'Very High','2015-01-29','21:53'),(1,3,34,'Few','2015-01-29','21:53'),(1,4,34,'Very High','2015-01-29','21:53'),(1,5,34,'Few','2015-01-29','21:53'),(1,6,34,'High','2015-01-29','21:53'),(1,7,34,'Medium','2015-01-29','21:53'),(1,8,34,'High','2015-01-29','21:53'),(1,9,34,'Few','2015-01-29','21:53'),(1,10,34,'Few','2015-01-29','21:53'),(1,11,34,'Very High','2015-01-29','21:53'),(1,12,34,'High','2015-01-29','21:53'),(1,13,34,'Very High','2015-01-29','21:53'),(1,14,34,'Very High','2015-01-29','21:53'),(1,15,34,'Medium','2015-01-29','21:53'),(1,16,34,'Medium','2015-01-29','21:53'),(1,17,34,'Very High','2015-01-29','21:53'),(1,18,34,'Very High','2015-01-29','21:53'),(1,19,34,'Few','2015-01-29','21:53'),(1,20,34,'Very High','2015-01-29','21:53'),(1,21,34,'Very High','2015-01-29','21:53'),(1,22,34,'Very High','2015-01-29','21:53'),(1,23,34,'Very High','2015-01-29','21:53'),(1,24,34,'Very High','2015-01-29','21:53'),(1,25,34,'Medium','2015-01-29','21:53'),(1,26,34,'Medium','2015-01-29','21:53'),(1,27,34,'Medium','2015-01-29','21:53'),(1,28,34,'Few','2015-01-29','21:53'),(1,29,34,'Few','2015-01-29','21:53'),(1,30,34,'High','2015-01-29','21:53'),(1,31,34,'Not Applicable','2015-01-29','21:53'),(1,32,34,'Few','2015-01-29','21:53'),(1,33,34,'Not Applicable','2015-01-29','21:53'),(1,34,34,'Very High','2015-01-29','21:53'),(1,35,34,'Very High','2015-01-29','21:53'),(1,36,34,'Few','2015-01-29','21:53'),(1,37,34,'Medium','2015-01-29','21:53'),(1,38,34,'Very High','2015-01-29','21:53'),(1,39,34,'Few','2015-01-29','21:53'),(1,40,34,'Very High','2015-01-29','21:53'),(1,41,34,'Few','2015-01-29','21:53'),(1,42,34,'Very High','2015-01-29','21:53'),(1,43,34,'Few','2015-01-29','21:53'),(1,44,34,'Very High','2015-01-29','21:53'),(1,45,34,'Few','2015-01-29','21:53'),(1,46,34,'Very High','2015-01-29','21:53'),(1,47,34,'Very High','2015-01-29','21:53'),(1,48,34,'Very High','2015-01-29','21:53'),(1,49,34,'Few','2015-01-29','21:53'),(1,50,34,'Medium','2015-01-29','21:53'),(1,51,34,'Few','2015-01-29','21:53'),(1,52,34,'Few','2015-01-29','21:53'),(1,53,34,'Few','2015-01-29','21:53'),(1,54,34,'Very High','2015-01-29','21:53'),(1,55,34,'Unknown','2015-01-29','21:53'),(1,56,34,'Few','2015-01-29','21:53'),(1,57,34,'Few','2015-01-29','21:53'),(1,58,34,'Medium','2015-01-29','21:53'),(1,59,34,'Few','2015-01-29','21:53'),(1,60,34,'High','2015-01-29','21:53'),(1,61,34,'Medium','2015-01-29','21:53'),(1,62,34,'High','2015-01-29','21:53'),(1,63,34,'Very High','2015-01-29','21:53'),(1,64,34,'Few','2015-01-29','21:53'),(1,65,34,'Very High','2015-01-29','21:53'),(1,66,34,'Very High','2015-01-29','21:53'),(1,67,34,'Unknown','2015-01-29','21:53'),(1,68,34,'Very High','2015-01-29','21:53'),(1,69,34,'Medium','2015-01-29','21:53'),(1,70,34,'Unknown','2015-01-29','21:53'),(1,71,34,'Very High','2015-01-29','21:53'),(1,72,34,'Unknown','2015-01-29','21:53'),(1,73,34,'High','2015-01-29','21:53'),(1,74,34,'Few','2015-01-29','21:53'),(1,75,34,'Few','2015-01-29','21:53'),(1,76,34,'Few','2015-01-29','21:53'),(1,77,34,'Very High','2015-01-29','21:53'),(1,1,35,'Not Applicable','2015-02-05','06:16'),(1,2,35,'Very High','2015-02-05','06:16'),(1,3,35,'Very High','2015-02-05','06:16'),(1,4,35,'Very High','2015-02-05','06:16'),(1,5,35,'Medium','2015-02-05','06:16'),(1,6,35,'Medium','2015-02-05','06:16'),(1,7,35,'Very High','2015-02-05','06:16'),(1,8,35,'Very Few','2015-02-05','06:16'),(1,9,35,'Medium','2015-02-05','06:16'),(1,10,35,'Very Few','2015-02-05','06:16'),(1,11,35,'Not Applicable','2015-02-05','06:16'),(1,12,35,'Medium','2015-02-05','06:16'),(1,13,35,'Very High','2015-02-05','06:16'),(1,14,35,'Medium','2015-02-05','06:16'),(1,15,35,'Very High','2015-02-05','06:16'),(1,16,35,'Very High','2015-02-05','06:16'),(1,17,35,'Very High','2015-02-05','06:16'),(1,18,35,'Very High','2015-02-05','06:16'),(1,19,35,'Very High','2015-02-05','06:16'),(1,20,35,'Very High','2015-02-05','06:16'),(1,21,35,'Unknown','2015-02-05','06:16'),(1,22,35,'Very High','2015-02-05','06:16'),(1,23,35,'Very High','2015-02-05','06:16'),(1,24,35,'Very High','2015-02-05','06:16'),(1,25,35,'Not Applicable','2015-02-05','06:16'),(1,26,35,'Very High','2015-02-05','06:16'),(1,27,35,'Unknown','2015-02-05','06:16'),(1,28,35,'Not Applicable','2015-02-05','06:16'),(1,29,35,'Very High','2015-02-05','06:16'),(1,30,35,'Very High','2015-02-05','06:16'),(1,31,35,'Very High','2015-02-05','06:16'),(1,32,35,'Very High','2015-02-05','06:16'),(1,33,35,'Very High','2015-02-05','06:16'),(1,34,35,'Very High','2015-02-05','06:16'),(1,35,35,'Not Applicable','2015-02-05','06:16'),(1,36,35,'Very High','2015-02-05','06:16'),(1,37,35,'Very High','2015-02-05','06:16'),(1,38,35,'Very High','2015-02-05','06:16'),(1,39,35,'Very High','2015-02-05','06:16'),(1,40,35,'Very High','2015-02-05','06:16'),(1,41,35,'Very High','2015-02-05','06:16'),(1,42,35,'Very High','2015-02-05','06:16'),(1,43,35,'Not Applicable','2015-02-05','06:16'),(1,44,35,'Not Applicable','2015-02-05','06:16'),(1,45,35,'Very High','2015-02-05','06:16'),(1,46,35,'Very High','2015-02-05','06:16'),(1,47,35,'Very High','2015-02-05','06:16'),(1,48,35,'Very High','2015-02-05','06:16'),(1,49,35,'Very High','2015-02-05','06:16'),(1,50,35,'Very High','2015-02-05','06:16'),(1,51,35,'Medium','2015-02-05','06:16'),(1,52,35,'Not Applicable','2015-02-05','06:16'),(1,53,35,'Very High','2015-02-05','06:16'),(1,54,35,'Very High','2015-02-05','06:16'),(1,55,35,'Very High','2015-02-05','06:16'),(1,56,35,'Very High','2015-02-05','06:16'),(1,57,35,'Very High','2015-02-05','06:16'),(1,58,35,'Very High','2015-02-05','06:16'),(1,59,35,'Not Applicable','2015-02-05','06:16'),(1,60,35,'Medium','2015-02-05','06:16'),(1,61,35,'Very High','2015-02-05','06:16'),(1,62,35,'Very High','2015-02-05','06:16'),(1,63,35,'Not Applicable','2015-02-05','06:16'),(1,64,35,'Not Applicable','2015-02-05','06:16'),(1,65,35,'Very High','2015-02-05','06:16'),(1,66,35,'Very High','2015-02-05','06:16'),(1,67,35,'Very High','2015-02-05','06:16'),(1,68,35,'Very Few','2015-02-05','06:16'),(1,69,35,'Medium','2015-02-05','06:16'),(1,70,35,'Very Few','2015-02-05','06:16'),(1,71,35,'Very High','2015-02-05','06:16'),(1,72,35,'Very High','2015-02-05','06:16'),(1,73,35,'Very High','2015-02-05','06:16'),(1,74,35,'Very High','2015-02-05','06:16'),(1,75,35,'Very High','2015-02-05','06:16'),(1,76,35,'Very High','2015-02-05','06:16'),(1,77,35,'Not Applicable','2015-02-05','06:16'),(1,1,36,'Not Applicable','2015-02-05','06:40'),(1,2,36,'Very Few','2015-02-05','06:40'),(1,3,36,'Very High','2015-02-05','06:40'),(1,4,36,'Very High','2015-02-05','06:40'),(1,5,36,'Medium','2015-02-05','06:40'),(1,6,36,'Very High','2015-02-05','06:40'),(1,7,36,'Very High','2015-02-05','06:40'),(1,8,36,'Medium','2015-02-05','06:40'),(1,9,36,'Medium','2015-02-05','06:40'),(1,10,36,'Very High','2015-02-05','06:40'),(1,11,36,'Very High','2015-02-05','06:40'),(1,12,36,'Medium','2015-02-05','06:40'),(1,13,36,'Very High','2015-02-05','06:40'),(1,14,36,'Medium','2015-02-05','06:40'),(1,15,36,'Very High','2015-02-05','06:40'),(1,16,36,'Very Few','2015-02-05','06:40'),(1,17,36,'Very Few','2015-02-05','06:40'),(1,18,36,'Very High','2015-02-05','06:40'),(1,19,36,'Very High','2015-02-05','06:40'),(1,20,36,'Very High','2015-02-05','06:40'),(1,21,36,'Medium','2015-02-05','06:40'),(1,22,36,'Medium','2015-02-05','06:40'),(1,23,36,'Very High','2015-02-05','06:40'),(1,24,36,'Very Few','2015-02-05','06:40'),(1,25,36,'Very High','2015-02-05','06:40'),(1,26,36,'Very High','2015-02-05','06:40'),(1,27,36,'Very High','2015-02-05','06:40'),(1,28,36,'Not Applicable','2015-02-05','06:40'),(1,29,36,'Very High','2015-02-05','06:40'),(1,30,36,'Very High','2015-02-05','06:40'),(1,31,36,'Very High','2015-02-05','06:40'),(1,32,36,'Very High','2015-02-05','06:40'),(1,33,36,'Very Few','2015-02-05','06:40'),(1,34,36,'Very High','2015-02-05','06:40'),(1,35,36,'Medium','2015-02-05','06:40'),(1,36,36,'Medium','2015-02-05','06:40'),(1,37,36,'Very High','2015-02-05','06:40'),(1,38,36,'Very High','2015-02-05','06:40'),(1,39,36,'Medium','2015-02-05','06:40'),(1,40,36,'Very High','2015-02-05','06:40'),(1,41,36,'Very High','2015-02-05','06:40'),(1,42,36,'Very High','2015-02-05','06:40'),(1,43,36,'Not Applicable','2015-02-05','06:40'),(1,44,36,'Not Applicable','2015-02-05','06:40'),(1,45,36,'Not Applicable','2015-02-05','06:40'),(1,46,36,'Very High','2015-02-05','06:40'),(1,47,36,'Very High','2015-02-05','06:40'),(1,48,36,'Very High','2015-02-05','06:40'),(1,49,36,'Very High','2015-02-05','06:40'),(1,50,36,'Very High','2015-02-05','06:40'),(1,51,36,'Very High','2015-02-05','06:40'),(1,52,36,'Medium','2015-02-05','06:40'),(1,53,36,'Very High','2015-02-05','06:40'),(1,54,36,'Unknown','2015-02-05','06:40'),(1,55,36,'Unknown','2015-02-05','06:40'),(1,56,36,'Very High','2015-02-05','06:40'),(1,57,36,'Very High','2015-02-05','06:40'),(1,58,36,'Very Few','2015-02-05','06:40'),(1,59,36,'Not Applicable','2015-02-05','06:40'),(1,60,36,'Very High','2015-02-05','06:40'),(1,61,36,'Very High','2015-02-05','06:40'),(1,62,36,'Very High','2015-02-05','06:40'),(1,63,36,'Not Applicable','2015-02-05','06:40'),(1,64,36,'Not Applicable','2015-02-05','06:40'),(1,65,36,'Very High','2015-02-05','06:40'),(1,66,36,'Medium','2015-02-05','06:40'),(1,67,36,'Very High','2015-02-05','06:40'),(1,68,36,'Very High','2015-02-05','06:40'),(1,69,36,'Medium','2015-02-05','06:40'),(1,70,36,'Not Applicable','2015-02-05','06:40'),(1,71,36,'Very High','2015-02-05','06:40'),(1,72,36,'Very Few','2015-02-05','06:40'),(1,73,36,'Very High','2015-02-05','06:40'),(1,74,36,'Very High','2015-02-05','06:40'),(1,75,36,'Very Few','2015-02-05','06:40'),(1,76,36,'Not Applicable','2015-02-05','06:40'),(1,77,36,'Not Applicable','2015-02-05','06:40'),(1,1,37,'Unknown','2015-05-21','20:23'),(1,2,37,'Unknown','2015-05-21','20:23'),(1,3,37,'Unknown','2015-05-21','20:23'),(1,4,37,'Unknown','2015-05-21','20:23'),(1,5,37,'Unknown','2015-05-21','20:23'),(1,6,37,'Unknown','2015-05-21','20:23'),(1,7,37,'Unknown','2015-05-21','20:23'),(1,8,37,'Unknown','2015-05-21','20:23'),(1,9,37,'Unknown','2015-05-21','20:23'),(1,10,37,'Unknown','2015-05-21','20:23'),(1,11,37,'Unknown','2015-05-21','20:23'),(1,12,37,'Unknown','2015-05-21','20:23'),(1,13,37,'Unknown','2015-05-21','20:23'),(1,14,37,'Unknown','2015-05-21','20:23'),(1,15,37,'Unknown','2015-05-21','20:23'),(1,16,37,'Unknown','2015-05-21','20:23'),(1,17,37,'Unknown','2015-05-21','20:23'),(1,18,37,'Unknown','2015-05-21','20:23'),(1,19,37,'Unknown','2015-05-21','20:23'),(1,20,37,'Unknown','2015-05-21','20:23'),(1,21,37,'Unknown','2015-05-21','20:23'),(1,22,37,'Unknown','2015-05-21','20:23'),(1,23,37,'Unknown','2015-05-21','20:23'),(1,24,37,'Unknown','2015-05-21','20:23'),(1,25,37,'Unknown','2015-05-21','20:23'),(1,26,37,'Unknown','2015-05-21','20:23'),(1,27,37,'Unknown','2015-05-21','20:23'),(1,28,37,'Unknown','2015-05-21','20:23'),(1,29,37,'Unknown','2015-05-21','20:23'),(1,30,37,'Unknown','2015-05-21','20:23'),(1,31,37,'Unknown','2015-05-21','20:23'),(1,32,37,'Unknown','2015-05-21','20:23'),(1,33,37,'Unknown','2015-05-21','20:23'),(1,34,37,'Unknown','2015-05-21','20:23'),(1,35,37,'Unknown','2015-05-21','20:23'),(1,36,37,'Unknown','2015-05-21','20:23'),(1,37,37,'Unknown','2015-05-21','20:23'),(1,38,37,'Unknown','2015-05-21','20:23'),(1,39,37,'Unknown','2015-05-21','20:23'),(1,40,37,'Unknown','2015-05-21','20:23'),(1,41,37,'Unknown','2015-05-21','20:23'),(1,42,37,'Unknown','2015-05-21','20:23'),(1,43,37,'Unknown','2015-05-21','20:23'),(1,44,37,'Unknown','2015-05-21','20:23'),(1,45,37,'Unknown','2015-05-21','20:23'),(1,46,37,'Unknown','2015-05-21','20:23'),(1,47,37,'Unknown','2015-05-21','20:23'),(1,48,37,'Unknown','2015-05-21','20:23'),(1,49,37,'Unknown','2015-05-21','20:23'),(1,50,37,'Unknown','2015-05-21','20:23'),(1,51,37,'Unknown','2015-05-21','20:23'),(1,52,37,'Unknown','2015-05-21','20:23'),(1,53,37,'Unknown','2015-05-21','20:23'),(1,54,37,'Unknown','2015-05-21','20:23'),(1,55,37,'Unknown','2015-05-21','20:23'),(1,56,37,'Unknown','2015-05-21','20:23'),(1,57,37,'Unknown','2015-05-21','20:23'),(1,58,37,'Unknown','2015-05-21','20:23'),(1,59,37,'Unknown','2015-05-21','20:23'),(1,60,37,'Unknown','2015-05-21','20:23'),(1,61,37,'Unknown','2015-05-21','20:23'),(1,62,37,'Unknown','2015-05-21','20:23'),(1,63,37,'Unknown','2015-05-21','20:23'),(1,64,37,'Unknown','2015-05-21','20:23'),(1,65,37,'Unknown','2015-05-21','20:23'),(1,66,37,'Unknown','2015-05-21','20:23'),(1,67,37,'Unknown','2015-05-21','20:23'),(1,68,37,'Unknown','2015-05-21','20:23'),(1,69,37,'Unknown','2015-05-21','20:23'),(1,70,37,'Unknown','2015-05-21','20:23'),(1,71,37,'Unknown','2015-05-21','20:23'),(1,72,37,'Unknown','2015-05-21','20:23'),(1,73,37,'Unknown','2015-05-21','20:23'),(1,74,37,'Unknown','2015-05-21','20:23'),(1,75,37,'Unknown','2015-05-21','20:23'),(1,76,37,'Unknown','2015-05-21','20:23'),(1,77,37,'Unknown','2015-05-21','20:23'),(1,1,38,'Medium','2016-04-14','14:27'),(1,2,38,'Medium','2016-04-14','14:27'),(1,3,38,'Very High','2016-04-14','14:27'),(1,4,38,'Very Few','2016-04-14','14:27'),(1,5,38,'Unknown','2016-04-14','14:27'),(1,6,38,'Unknown','2016-04-14','14:27'),(1,7,38,'Unknown','2016-04-14','14:27'),(1,8,38,'Unknown','2016-04-14','14:27'),(1,9,38,'Unknown','2016-04-14','14:27'),(1,10,38,'Unknown','2016-04-14','14:27'),(1,11,38,'Unknown','2016-04-14','14:27'),(1,12,38,'Unknown','2016-04-14','14:27'),(1,13,38,'Unknown','2016-04-14','14:27'),(1,14,38,'Unknown','2016-04-14','14:27'),(1,15,38,'Unknown','2016-04-14','14:27'),(1,16,38,'Unknown','2016-04-14','14:27'),(1,17,38,'Unknown','2016-04-14','14:27'),(1,18,38,'Unknown','2016-04-14','14:27'),(1,19,38,'Unknown','2016-04-14','14:27'),(1,20,38,'Unknown','2016-04-14','14:27'),(1,21,38,'Unknown','2016-04-14','14:27'),(1,22,38,'Unknown','2016-04-14','14:27'),(1,23,38,'Unknown','2016-04-14','14:27'),(1,24,38,'Unknown','2016-04-14','14:27'),(1,25,38,'Unknown','2016-04-14','14:27'),(1,26,38,'Unknown','2016-04-14','14:27'),(1,27,38,'Unknown','2016-04-14','14:27'),(1,28,38,'Unknown','2016-04-14','14:27'),(1,29,38,'Unknown','2016-04-14','14:27'),(1,30,38,'Unknown','2016-04-14','14:27'),(1,31,38,'Unknown','2016-04-14','14:27'),(1,32,38,'Unknown','2016-04-14','14:27'),(1,33,38,'Unknown','2016-04-14','14:27'),(1,34,38,'Unknown','2016-04-14','14:27'),(1,35,38,'Unknown','2016-04-14','14:27'),(1,36,38,'Unknown','2016-04-14','14:27'),(1,37,38,'Unknown','2016-04-14','14:27'),(1,38,38,'Unknown','2016-04-14','14:27'),(1,39,38,'Unknown','2016-04-14','14:27'),(1,40,38,'Unknown','2016-04-14','14:27'),(1,41,38,'Unknown','2016-04-14','14:27'),(1,42,38,'Unknown','2016-04-14','14:27'),(1,43,38,'Unknown','2016-04-14','14:27'),(1,44,38,'Unknown','2016-04-14','14:27'),(1,45,38,'Unknown','2016-04-14','14:27'),(1,46,38,'Unknown','2016-04-14','14:27'),(1,47,38,'Unknown','2016-04-14','14:27'),(1,48,38,'Unknown','2016-04-14','14:27'),(1,49,38,'Unknown','2016-04-14','14:27'),(1,50,38,'Unknown','2016-04-14','14:27'),(1,51,38,'Unknown','2016-04-14','14:27'),(1,52,38,'Unknown','2016-04-14','14:27'),(1,53,38,'Unknown','2016-04-14','14:27'),(1,54,38,'Unknown','2016-04-14','14:27'),(1,55,38,'Unknown','2016-04-14','14:27'),(1,56,38,'Unknown','2016-04-14','14:27'),(1,57,38,'Unknown','2016-04-14','14:27'),(1,58,38,'Unknown','2016-04-14','14:27'),(1,59,38,'Unknown','2016-04-14','14:27'),(1,60,38,'Unknown','2016-04-14','14:27'),(1,61,38,'Unknown','2016-04-14','14:27'),(1,62,38,'Unknown','2016-04-14','14:27'),(1,63,38,'Unknown','2016-04-14','14:27'),(1,64,38,'Unknown','2016-04-14','14:27'),(1,65,38,'Unknown','2016-04-14','14:27'),(1,66,38,'Unknown','2016-04-14','14:27'),(1,67,38,'Unknown','2016-04-14','14:27'),(1,68,38,'Unknown','2016-04-14','14:27'),(1,69,38,'Unknown','2016-04-14','14:27'),(1,70,38,'Unknown','2016-04-14','14:27'),(1,71,38,'Unknown','2016-04-14','14:27'),(1,72,38,'Unknown','2016-04-14','14:27'),(1,73,38,'Unknown','2016-04-14','14:27'),(1,74,38,'Unknown','2016-04-14','14:27'),(1,75,38,'Unknown','2016-04-14','14:27'),(1,76,38,'Unknown','2016-04-14','14:27'),(1,77,38,'Unknown','2016-04-14','14:27'),(2,78,6,'Unknown','2016-04-14','14:51'),(2,79,6,'Unknown','2016-04-14','14:51'),(2,80,6,'Unknown','2016-04-14','14:51'),(2,81,6,'Unknown','2016-04-14','14:51'),(2,82,6,'Unknown','2016-04-14','14:51'),(2,83,6,'Unknown','2016-04-14','14:51'),(2,84,6,'Unknown','2016-04-14','14:51'),(2,85,6,'Unknown','2016-04-14','14:51'),(2,86,6,'Unknown','2016-04-14','14:51'),(2,87,6,'Unknown','2016-04-14','14:51'),(2,88,6,'Unknown','2016-04-14','14:51'),(2,89,6,'Unknown','2016-04-14','14:51'),(2,90,6,'Unknown','2016-04-14','14:51'),(2,91,6,'Unknown','2016-04-14','14:51'),(2,92,6,'Unknown','2016-04-14','14:51'),(2,93,6,'Unknown','2016-04-14','14:51'),(2,94,6,'Unknown','2016-04-14','14:51'),(2,95,6,'Unknown','2016-04-14','14:51'),(2,96,6,'Unknown','2016-04-14','14:51'),(2,97,6,'Unknown','2016-04-14','14:51'),(2,98,6,'Unknown','2016-04-14','14:51'),(2,99,6,'Unknown','2016-04-14','14:51'),(2,100,6,'Unknown','2016-04-14','14:51'),(2,101,6,'Unknown','2016-04-14','14:51'),(2,102,6,'Unknown','2016-04-14','14:51'),(2,103,6,'Unknown','2016-04-14','14:51'),(2,104,6,'Unknown','2016-04-14','14:51'),(2,105,6,'Unknown','2016-04-14','14:51'),(2,106,6,'Unknown','2016-04-14','14:51'),(2,107,6,'Unknown','2016-04-14','14:51'),(2,108,6,'Unknown','2016-04-14','14:51'),(2,109,6,'Unknown','2016-04-14','14:51'),(2,110,6,'Unknown','2016-04-14','14:51'),(2,111,6,'Unknown','2016-04-14','14:51'),(2,112,6,'Very Few','2016-04-14','14:51'),(2,113,6,'Unknown','2016-04-14','14:51'),(2,114,6,'Unknown','2016-04-14','14:51'),(2,115,6,'Unknown','2016-04-14','14:51'),(2,116,6,'Unknown','2016-04-14','14:51');
/*!40000 ALTER TABLE `LineValue` ENABLE KEYS */;
UNLOCK TABLES;

--
-- Dumping data for table `SourceFile`
--

LOCK TABLES `SourceFile` WRITE;
/*!40000 ALTER TABLE `SourceFile` DISABLE KEYS */;
INSERT INTO SourceFile(questionnaire_id, assessmentLine_id, product_id, creationDate, creationTime, filename, realpath) VALUES (1,1,19,'2015-01-13','05:31','ios8_p10.pdf','files/product_19/questionnaire_quest_u_1/line_line_u_1_01/'),(1,3,19,'2015-01-13','05:54','ios8_p10.pdf','files/product_19/questionnaire_quest_u_1/line_line_u_1_03/'),(1,4,19,'2015-01-13','05:54','ios8_p10.pdf','files/product_19/questionnaire_quest_u_1/line_line_u_1_04/'),(1,5,19,'2015-01-13','05:54','ios8_p8.pdf','files/product_19/questionnaire_quest_u_1/line_line_u_1_05/'),(1,6,19,'2015-01-13','05:54','ios8_p10.pdf','files/product_19/questionnaire_quest_u_1/line_line_u_1_06/'),(1,7,19,'2015-01-13','05:54','ios8_p11.pdf','files/product_19/questionnaire_quest_u_1/line_line_u_1_07/'),(1,9,19,'2015-01-13','05:54','ios8_p1.pdf','files/product_19/questionnaire_quest_u_1/line_line_u_1_09/'),(1,12,19,'2015-01-13','05:54','ios8_p13.pdf','files/product_19/questionnaire_quest_u_1/line_line_u_1_12/'),(1,15,19,'2015-01-13','06:05','ios8_p1.pdf','files/product_19/questionnaire_quest_u_1/line_line_u_1_15/'),(1,16,19,'2015-01-13','06:05','ois8_p9.pdf','files/product_19/questionnaire_quest_u_1/line_line_u_1_16/'),(1,17,19,'2015-01-13','06:05','ios8_p16.pdf','files/product_19/questionnaire_quest_u_1/line_line_u_1_17/'),(1,18,19,'2015-01-13','06:05','ios8_p30.pdf','files/product_19/questionnaire_quest_u_1/line_line_u_1_18/'),(1,19,19,'2015-01-13','06:05','ios8_p30.pdf','files/product_19/questionnaire_quest_u_1/line_line_u_1_19/'),(1,20,19,'2015-01-13','06:05','ios8_p8.pdf','files/product_19/questionnaire_quest_u_1/line_line_u_1_20/'),(1,21,19,'2015-01-13','06:05','ios8_p11.pdf','files/product_19/questionnaire_quest_u_1/line_line_u_1_21/'),(1,23,19,'2015-01-13','06:05','ios8_p10.pdf','files/product_19/questionnaire_quest_u_1/line_line_u_1_23/'),(1,24,19,'2015-01-13','06:05','ios8_p21.pdf','files/product_19/questionnaire_quest_u_1/line_line_u_1_24/'),(1,25,19,'2015-01-13','06:05','ios8_p11.pdf','files/product_19/questionnaire_quest_u_1/line_line_u_1_25/'),(1,26,19,'2015-01-13','06:05','ios8_p30.pdf','files/product_19/questionnaire_quest_u_1/line_line_u_1_26/'),(1,27,19,'2015-01-13','06:05','ios8_p5.pdf','files/product_19/questionnaire_quest_u_1/line_line_u_1_27/'),(1,28,19,'2015-01-13','06:05','ios8_p5.pdf','files/product_19/questionnaire_quest_u_1/line_line_u_1_28/'),(1,29,19,'2015-01-13','06:05','ios8_p21.pdf','files/product_19/questionnaire_quest_u_1/line_line_u_1_29/'),(1,32,19,'2015-01-13','06:05','ios8_p14.pdf','files/product_19/questionnaire_quest_u_1/line_line_u_1_32/'),(1,33,19,'2015-01-13','06:05','ios8_p2.pdf','files/product_19/questionnaire_quest_u_1/line_line_u_1_33/'),(1,34,19,'2015-01-13','06:05','ois8_p9.pdf','files/product_19/questionnaire_quest_u_1/line_line_u_1_34/'),(1,35,19,'2015-01-13','06:05','ios8_p19.pdf','files/product_19/questionnaire_quest_u_1/line_line_u_1_35/'),(1,15,19,'2015-01-13','06:05','ios8_p1.pdf','files/product_19/questionnaire_quest_u_1/line_line_u_1_15/'),(1,16,19,'2015-01-13','06:05','ois8_p9.pdf','files/product_19/questionnaire_quest_u_1/line_line_u_1_16/'),(1,17,19,'2015-01-13','06:05','ios8_p16.pdf','files/product_19/questionnaire_quest_u_1/line_line_u_1_17/'),(1,18,19,'2015-01-13','06:05','ios8_p30.pdf','files/product_19/questionnaire_quest_u_1/line_line_u_1_18/'),(1,19,19,'2015-01-13','06:05','ios8_p30.pdf','files/product_19/questionnaire_quest_u_1/line_line_u_1_19/'),(1,20,19,'2015-01-13','06:05','ios8_p8.pdf','files/product_19/questionnaire_quest_u_1/line_line_u_1_20/'),(2,112,6,'2016-04-14','14:51','autometric.sql','files/product_6/questionnaire_quest_u_2/line_line_u_2_67/');
/*!40000 ALTER TABLE `SourceFile` ENABLE KEYS */;
UNLOCK TABLES;

--
-- Dumping data for table `SourceUrl`
--

LOCK TABLES `SourceUrl` WRITE;
/*!40000 ALTER TABLE `SourceUrl` DISABLE KEYS */;
INSERT INTO SourceUrl(questionnaire_id, assessmentLine_id, product_id, creationDate, creationTime, url) VALUES (4,223,16,'2014-07-18','12:30','http://www.eui.upm.es'),(1,1,19,'2015-01-13','05:31','http://tecnologia.elpais.com/tecnologia/2014/09/26/actualidad/1411761661_440268.html'),(1,3,19,'2015-01-13','05:54','http://tecnologia.elpais.com/tecnologia/2014/09/26/actualidad/1411761661_440268.html'),(1,4,19,'2015-01-13','05:54','http://tecnologia.elpais.com/tecnologia/2014/09/26/actualidad/1411761661_440268.html'),(1,5,19,'2015-01-13','05:54','http://www.tuexpertomovil.com/2014/10/14/lista-de-errores-que-apple-debe-corregir-en-la-actualizacion-de-ios-8/'),(1,6,19,'2015-01-13','05:54','http://tecnologia.elpais.com/tecnologia/2014/09/26/actualidad/1411761661_440268.html'),(1,7,19,'2015-01-13','05:54','http://sevilla.abc.es/mobility/noticia/apple/noticias/las-novedades-para-icloud-estan-congeladas-por-problemas-internos-en-apple/'),(1,9,19,'2015-01-13','05:54','http://www.elconfidencial.com/tecnologia/2014-10-24/apple-pay-llega-a-ios-8-1-con-una-remesa-de-nuevos-fallos_407398/'),(1,12,19,'2015-01-13','05:54','https://medium.com/@angeljimenez/las-grietas-de-apple-8c7edd245139'),(1,15,19,'2015-01-13','06:05','http://www.elconfidencial.com/tecnologia/2014-10-24/apple-pay-llega-a-ios-8-1-con-una-remesa-de-nuevos-fallos_407398/'),(1,16,19,'2015-01-13','06:05','http://www.tuexpertomovil.com/2014/10/14/lista-de-errores-que-apple-debe-corregir-en-la-actualizacion-de-ios-8/'),(1,17,19,'2015-01-13','06:05','http://noticias.lainformacion.com/economia-negocios-y-finanzas/software/demandan-a-apple-por-omitir-datos-sobre-ios-8-y-el-almacenamiento-en-iphones_hSV8raEDByaf03rEK75W/'),(1,18,19,'2015-01-13','06:05','http://es.gizmodo.com/ios-8-que-cambia-para-los-desarrolladores-1584910304'),(1,19,19,'2015-01-13','06:05','http://es.gizmodo.com/ios-8-que-cambia-para-los-desarrolladores-1584910304'),(1,20,19,'2015-01-13','06:05','http://www.tuexpertomovil.com/2014/10/14/lista-de-errores-que-apple-debe-corregir-en-la-actualizacion-de-ios-8/'),(1,21,19,'2015-01-13','06:05','http://sevilla.abc.es/mobility/noticia/apple/noticias/las-novedades-para-icloud-estan-congeladas-por-problemas-internos-en-apple/'),(1,23,19,'2015-01-13','06:05','http://tecnologia.elpais.com/tecnologia/2014/09/26/actualidad/1411761661_440268.html'),(1,24,19,'2015-01-13','06:05','http://ecodiario.eleconomista.es/tecnologia/noticias/6315765/12/14/Apple-enfada-a-los-desarrolladores-al-endurecer-sus-restricciones-en-iOS-8.html#.Kku8TFltKGpOjQT'),(1,25,19,'2015-01-13','06:05','http://sevilla.abc.es/mobility/noticia/apple/noticias/las-novedades-para-icloud-estan-congeladas-por-problemas-internos-en-apple/'),(1,26,19,'2015-01-13','06:05','http://es.gizmodo.com/ios-8-que-cambia-para-los-desarrolladores-1584910304'),(1,27,19,'2015-01-13','06:05','http://www.enter.co/chips-bits/smartphones/gracias-ios-8-me-hiciste-odiar-mi-iphone/'),(1,28,19,'2015-01-13','06:05','http://www.enter.co/chips-bits/smartphones/gracias-ios-8-me-hiciste-odiar-mi-iphone/'),(1,29,19,'2015-01-13','06:05','http://ecodiario.eleconomista.es/tecnologia/noticias/6315765/12/14/Apple-enfada-a-los-desarrolladores-al-endurecer-sus-restricciones-en-iOS-8.html#.Kku8TFltKGpOjQT'),(1,32,19,'2015-01-13','06:05','https://medium.com/@angeljimenez/las-grietas-de-apple-8c7edd245139'),(1,33,19,'2015-01-13','06:05','http://www.elconfidencial.com/tecnologia/2014-10-24/apple-pay-llega-a-ios-8-1-con-una-remesa-de-nuevos-fallos_407398/'),(1,34,19,'2015-01-13','06:05','http://www.tuexpertomovil.com/2014/10/14/lista-de-errores-que-apple-debe-corregir-en-la-actualizacion-de-ios-8/'),(1,35,19,'2015-01-13','06:05','http://www.semana.com/tecnologia/articulo/apple-retira-actualizacion-de-ios8-por-fallas-de-instalacion/403988-3'),(1,15,19,'2015-01-13','06:05','http://www.elconfidencial.com/tecnologia/2014-10-24/apple-pay-llega-a-ios-8-1-con-una-remesa-de-nuevos-fallos_407398/'),(1,16,19,'2015-01-13','06:05','http://www.tuexpertomovil.com/2014/10/14/lista-de-errores-que-apple-debe-corregir-en-la-actualizacion-de-ios-8/'),(1,17,19,'2015-01-13','06:05','http://noticias.lainformacion.com/economia-negocios-y-finanzas/software/demandan-a-apple-por-omitir-datos-sobre-ios-8-y-el-almacenamiento-en-iphones_hSV8raEDByaf03rEK75W/'),(1,18,19,'2015-01-13','06:05','http://es.gizmodo.com/ios-8-que-cambia-para-los-desarrolladores-1584910304'),(1,19,19,'2015-01-13','06:05','http://es.gizmodo.com/ios-8-que-cambia-para-los-desarrolladores-1584910304'),(1,20,19,'2015-01-13','06:05','http://www.tuexpertomovil.com/2014/10/14/lista-de-errores-que-apple-debe-corregir-en-la-actualizacion-de-ios-8/');
/*!40000 ALTER TABLE `SourceUrl` ENABLE KEYS */;
UNLOCK TABLES;
/*!40103 SET TIME_ZONE=@OLD_TIME_ZONE */;

/*!40101 SET SQL_MODE=@OLD_SQL_MODE */;
/*!40014 SET FOREIGN_KEY_CHECKS=@OLD_FOREIGN_KEY_CHECKS */;
/*!40014 SET UNIQUE_CHECKS=@OLD_UNIQUE_CHECKS */;
/*!40101 SET CHARACTER_SET_CLIENT=@OLD_CHARACTER_SET_CLIENT */;
/*!40101 SET CHARACTER_SET_RESULTS=@OLD_CHARACTER_SET_RESULTS */;
/*!40101 SET COLLATION_CONNECTION=@OLD_COLLATION_CONNECTION */;
/*!40111 SET SQL_NOTES=@OLD_SQL_NOTES */;

-- Dump completed on 2016-05-21  8:58:42
